Temps,Position X,Position Y,Position Z
146,1912,0,0,0
146,2002,0,0,0
146,2046,0,0,0
146,209,0,0,0
146,2135,0,0,0
146,2216,0,0,0
146,2261,0,0,0
146,2308,0,0,0
146,2354,0,0,0
146,2401,0,0,0
146,2447,0,0,0
146,2494,0,0,0
146,2542,0,0,0
146,2588,0,0,0
146,2637,0,0,0
146,2687,0,0,0
146,273,0,0,0
146,2771,0,0,0
146,2814,0,0,0
146,2858,0,0,0
146,2902,0,0,0
146,2947,0,0,0
146,2993,0,0,0
146,3036,0,0,0
146,308,0,0,0
146,3126,0,0,0
146,317,0,0,0
146,3213,0,0,0
146,3257,0,0,0
146,3301,0,0,0
146,3347,0,0,0
146,3403,0,0,0
146,3449,0,0,0
146,3497,0,0,0
146,3543,0,0,0
146,359,0,0,0
146,3634,0,0,0
146,3681,0,0,0
146,373,0,0,0
146,3777,0,0,0
146,3831,0,0,0
146,3876,0,0,0
146,3921,0,0,0
146,3966,0,0,0
146,4013,0,0,0
146,4059,0,0,0
146,4104,0,0,0
146,4149,0,0,0
146,4197,0,0,0
146,4242,0,0,0
146,4287,0,0,0
146,4335,0,0,0
146,4379,0,0,0
146,4423,0,0,0
146,4469,0,0,0
146,4516,0,0,0
146,4571,0,0,0
146,4614,0,0,0
146,4663,0,0,0
146,4708,0,0,0
146,4752,0,0,0
146,4799,0,0,0
146,4845,0,0,0
146,4893,0,0,0
146,4943,0,0,0
146,4991,0,0,0
146,5038,0,0,0
146,5083,0,0,0
146,5129,0,0,0
146,5209,0,0,0
146,5261,0,0,0
146,5308,0,0,0
146,5356,0,0,0
146,5403,0,0,0
146,5452,0,0,0
146,5502,0,0,0
146,555,0,0,0
146,5601,0,0,0
146,5652,0,0,0
146,5702,0,0,0
146,575,0,0,0
146,5796,0,0,0
146,5845,0,0,0
146,5896,0,0,0
146,5944,0,0,0
146,5994,0,0,0
146,605,0,0,0
146,6097,0,0,0
146,6146,0,0,0
146,6196,0,0,0
146,625,0,0,0
146,6304,0,0,0
146,6353,0,0,0
146,6405,0,0,0
146,646,0,0,0
146,6511,0,0,0
146,6564,0,0,0
146,662,0,0,0
146,667,0,0,0
146,6729,0,0,0
146,6781,0,0,0
146,683,0,0,0
146,6883,0,0,0
146,6935,0,0,0
146,6985,0,0,0
146,7038,0,0,0
146,7095,0,0,0
146,7144,0,0,0
146,7201,0,0,0
146,7255,0,0,0
146,7304,0,0,0
146,7362,0,0,0
146,7417,0,0,0
146,7465,0,0,0
146,752,0,0,0
146,7574,0,0,0
146,7622,0,0,0
146,7682,0,0,0
146,7743,0,0,0
146,779,0,0,0
146,7848,0,0,0
146,7899,0,0,0
146,7946,0,0,0
146,8002,0,0,0
146,805,0,0,0
146,8098,0,0,0
146,8154,0,0,0
146,8208,0,0,0
146,8257,0,0,0
146,8308,0,0,0
146,8359,0,0,0
146,8414,0,0,0
146,8467,0,0,0
146,8528,0,0,0
146,8578,0,0,0
146,8632,0,0,0
146,8693,0,0,0
146,8746,0,0,0
146,8796,0,0,0
146,8855,0,0,0
146,8906,0,0,0
146,8957,0,0,0
146,9009,0,0,0
146,9059,0,0,0
146,911,0,0,0
146,9163,0,0,0
146,9219,0,0,0
146,9271,0,0,0
146,9322,0,0,0
146,9373,0,0,0
146,9429,0,0,0
146,9479,0,0,0
146,9535,0,0,0
146,959,0,0,0
146,964,0,0,0
146,9696,0,0,0
146,975,0,0,0
146,9799,0,0,0
146,9856,0,0,0
146,9909,0,0,0
146,9964,0,0,0
147,0021,0,0,0
147,0079,0,0,0
147,0136,0,0,0
147,0189,0,0,0
147,0243,0,0,0
147,0299,0,0,0
147,035,0,0,0
147,0407,0,0,0
147,0461,0,0,0
147,0512,0,0,0
147,0572,0,0,0
147,0628,0,0,0
147,068,0,0,0
147,0741,0,0,0
147,0797,0,0,0
147,0854,0,0,0
147,0905,0,0,0
147,0962,0,0,0
147,1025,0,0,0
147,1078,0,0,0
147,1135,0,0,0
147,1198,0,0,0
147,1257,0,0,0
147,1311,0,0,0
147,1371,0,0,0
147,1431,0,0,0
147,1486,0,0,0
147,1538,0,0,0
147,1597,0,0,0
147,1658,0,0,0
147,1708,0,0,0
147,1766,0,0,0
147,1825,0,0,0
147,1878,0,0,0
147,1928,0,0,0
147,1991,0,0,0
147,2044,0,0,0
147,2105,0,0,0
147,2167,0,0,0
147,2227,0,0,0
147,2276,0,0,0
147,2337,0,0,0
147,2398,0,0,0
147,2449,0,0,0
147,2501,0,0,0
147,2565,0,0,0
147,2627,0,0,0
147,2684,0,0,0
147,2737,0,0,0
147,2789,0,0,0
147,2842,0,0,0
147,2897,0,0,0
147,2947,0,0,0
147,3,0,0,0
147,3051,0,0,0
147,3104,0,0,0
147,3187,0,0,0
147,3241,0,0,0
147,3293,0,0,0
147,3349,0,0,0
147,3402,0,0,0
147,3454,0,0,0
147,3507,0,0,0
147,356,0,0,0
147,3613,0,0,0
147,3668,0,0,0
147,3722,0,0,0
147,3776,0,0,0
147,3827,0,0,0
147,3878,0,0,0
147,3932,0,0,0
147,3985,0,0,0
147,4036,0,0,0
147,4087,0,0,0
147,414,0,0,0
147,4192,0,0,0
147,4243,0,0,0
147,4295,0,0,0
147,4348,0,0,0
147,4402,0,0,0
147,4456,0,0,0
147,4508,0,0,0
147,4571,0,0,0
147,4625,0,0,0
147,4678,0,0,0
147,4732,0,0,0
147,4795,0,0,0
147,4862,0,0,0
147,4915,0,0,0
147,4974,0,0,0
147,5036,0,0,0
147,5096,0,0,0
147,515,0,0,0
147,5212,0,0,0
147,5273,0,0,0
147,5338,0,0,0
147,5393,0,0,0
147,5457,0,0,0
147,5523,0,0,0
147,5584,0,0,0
147,5639,0,0,0
147,5704,0,0,0
147,5768,0,0,0
147,5833,0,0,0
147,5895,0,0,0
147,595,0,0,0
147,6016,0,0,0
147,608,0,0,0
147,6143,0,0,0
147,6199,0,0,0
147,6266,0,0,0
147,6334,0,0,0
147,6396,0,0,0
147,646,0,0,0
147,6518,0,0,0
147,6583,0,0,0
147,6645,0,0,0
147,6712,0,0,0
147,6777,0,0,0
147,684,0,0,0
147,6903,0,0,0
147,6965,0,0,0
147,7032,0,0,0
147,7094,0,0,0
147,7149,0,0,0
147,7216,0,0,0
147,728,0,0,0
147,7344,0,0,0
147,7399,0,0,0
147,7456,0,0,0
147,7518,0,0,0
147,7574,0,0,0
147,7628,0,0,0
147,7696,0,0,0
147,7758,0,0,0
147,7824,0,0,0
147,788,0,0,0
147,7935,0,0,0
147,7991,0,0,0
147,8048,0,0,0
147,8105,0,0,0
147,8161,0,0,0
147,8218,0,0,0
147,8274,0,0,0
147,8331,0,0,0
147,8386,0,0,0
147,8439,0,0,0
147,8498,0,0,0
147,8554,0,0,0
147,8608,0,0,0
147,8666,0,0,0
147,8722,0,0,0
147,8777,0,0,0
147,8831,0,0,0
147,8886,0,0,0
147,8941,0,0,0
147,8998,0,0,0
147,9054,0,0,0
147,9108,0,0,0
147,9164,0,0,0
147,9221,0,0,0
147,9276,0,0,0
147,9333,0,0,0
147,9391,0,0,0
147,9446,0,0,0
147,9503,0,0,0
147,9556,0,0,0
147,9613,0,0,0
147,9669,0,0,0
147,9725,0,0,0
147,978,0,0,0
147,9836,0,0,0
147,9893,0,0,0
147,9948,0,0,0
148,0005,0,0,0
148,0061,0,0,0
148,0114,0,0,0
148,0172,0,0,0
148,0237,0,0,0
148,03,0,0,0
148,0358,0,0,0
148,0423,0,0,0
148,0488,0,0,0
148,0558,0,0,0
148,0621,0,0,0
148,068,0,0,0
148,0743,0,0,0
148,0809,0,0,0
148,0873,0,0,0
148,0938,0,0,0
148,0996,0,0,0
148,1059,0,0,0
148,1122,0,0,0
148,1185,0,0,0
148,1239,0,0,0
148,1305,0,0,0
148,1367,0,0,0
148,1434,0,0,0
148,1502,0,0,0
148,156,0,0,0
148,1624,0,0,0
148,1689,0,0,0
148,1756,0,0,0
148,1815,0,0,0
148,1872,0,0,0
148,198,0,0,0
148,2039,0,0,0
148,21,0,0,0
148,2164,0,0,0
148,2232,0,0,0
148,2299,0,0,0
148,2358,0,0,0
148,242,0,0,0
148,2487,0,0,0
148,2549,0,0,0
148,2608,0,0,0
148,2666,0,0,0
148,2722,0,0,0
148,2785,0,0,0
148,2854,0,0,0
148,2912,0,0,0
148,2979,0,0,0
148,3046,0,0,0
148,3111,0,0,0
148,3175,0,0,0
148,3229,0,0,0
148,3291,0,0,0
148,3353,0,0,0
148,3417,0,0,0
148,3473,0,0,0
148,3543,0,0,0
148,3609,0,0,0
148,3672,0,0,0
148,3741,0,0,0
148,3798,0,0,0
148,3865,0,0,0
148,3929,0,0,0
148,3994,0,0,0
148,4061,0,0,0
148,4117,0,0,0
148,4182,0,0,0
148,4242,0,0,0
148,4305,0,0,0
148,4371,0,0,0
148,4427,0,0,0
148,4493,0,0,0
148,4558,0,0,0
148,4622,0,0,0
148,468,0,0,0
148,4747,0,0,0
148,4811,0,0,0
148,4875,0,0,0
148,4939,0,0,0
148,4999,0,0,0
148,5066,0,0,0
148,513,0,0,0
148,5189,0,0,0
148,5254,0,0,0
148,531,0,0,0
148,5375,0,0,0
148,5438,0,0,0
148,55,0,0,0
148,5559,0,0,0
148,5617,0,0,0
148,5683,0,0,0
148,5749,0,0,0
148,5812,0,0,0
148,5872,0,0,0
148,5934,0,0,0
148,6003,0,0,0
148,6073,0,0,0
148,6135,0,0,0
148,6194,0,0,0
148,6259,0,0,0
148,6329,0,0,0
148,6393,0,0,0
148,6454,0,0,0
148,6511,0,0,0
148,6577,0,0,0
148,6638,0,0,0
148,6704,0,0,0
148,6774,0,0,0
148,6831,0,0,0
148,6897,0,0,0
148,6958,0,0,0
148,7023,0,0,0
148,7081,0,0,0
148,7144,0,0,0
148,7209,0,0,0
148,7272,0,0,0
148,7336,0,0,0
148,7393,0,0,0
148,7457,0,0,0
148,7522,0,0,0
148,7586,0,0,0
148,7641,0,0,0
148,7697,0,0,0
148,7751,0,0,0
148,7811,0,0,0
148,7866,0,0,0
148,7921,0,0,0
148,7977,0,0,0
148,8035,0,0,0
148,8103,0,0,0
148,8162,0,0,0
148,8219,0,0,0
148,8275,0,0,0
148,8332,0,0,0
148,8391,0,0,0
148,8448,0,0,0
148,8506,0,0,0
148,8566,0,0,0
148,8623,0,0,0
148,8681,0,0,0
148,8738,0,0,0
148,8796,0,0,0
148,8856,0,0,0
148,8923,0,0,0
148,8983,0,0,0
148,9049,0,0,0
148,9108,0,0,0
148,9167,0,0,0
148,9223,0,0,0
148,9279,0,0,0
148,9339,0,0,0
148,9395,0,0,0
148,9469,0,0,0
148,9535,0,0,0
148,9594,0,0,0
148,9653,0,0,0
148,9711,0,0,0
148,9775,0,0,0
148,9834,0,0,0
148,9892,0,0,0
148,9945,0,0,0
149,0001,0,0,0
149,0056,0,0,0
149,0111,0,0,0
149,0167,0,0,0
149,0225,0,0,0
149,0289,0,0,0
149,0349,0,0,0
149,0407,0,0,0
149,047,0,0,0
149,053,0,0,0
149,0587,0,0,0
149,065,0,0,0
149,0711,0,0,0
149,0768,0,0,0
149,0827,0,0,0
149,0884,0,0,0
149,0948,0,0,0
149,1008,0,0,0
149,1066,0,0,0
149,1154,0,0,0
149,1214,0,0,0
149,1272,0,0,0
149,1337,0,0,0
149,1393,0,0,0
149,1448,0,0,0
149,1506,0,0,0
149,1564,0,0,0
149,1621,0,0,0
149,1682,0,0,0
149,1749,0,0,0
149,1813,0,0,0
149,1871,0,0,0
149,1939,0,0,0
149,2004,0,0,0
149,2069,0,0,0
149,2133,0,0,0
149,2192,0,0,0
149,2258,0,0,0
149,2322,0,0,0
149,2387,0,0,0
149,2451,0,0,0
149,2512,0,0,0
149,257,0,0,0
149,2627,0,0,0
149,2691,0,0,0
149,275,0,0,0
149,2809,0,0,0
149,2871,0,0,0
149,2927,0,0,0
149,2986,0,0,0
149,3046,0,0,0
149,3104,0,0,0
149,3161,0,0,0
149,3222,0,0,0
149,3282,0,0,0
149,3342,0,0,0
149,34,0,0,0
149,3457,0,0,0
149,3517,0,0,0
149,3575,0,0,0
149,3631,0,0,0
149,3692,0,0,0
149,3749,0,0,0
149,3807,0,0,0
149,3867,0,0,0
149,3925,0,0,0
149,3983,0,0,0
149,4043,0,0,0
149,4102,0,0,0
149,416,0,0,0
149,422,0,0,0
149,429,0,0,0
149,4357,0,0,0
149,4416,0,0,0
149,4475,0,0,0
149,4536,0,0,0
149,4594,0,0,0
149,4661,0,0,0
149,4722,0,0,0
149,478,0,0,0
149,4839,0,0,0
149,4898,0,0,0
149,4959,0,0,0
149,502,0,0,0
149,508,0,0,0
149,5137,0,0,0
149,5196,0,0,0
149,5253,0,0,0
149,5311,0,0,0
149,5373,0,0,0
149,5431,0,0,0
149,5488,0,0,0
149,5549,0,0,0
149,5608,0,0,0
149,5669,0,0,0
149,5728,0,0,0
149,5785,0,0,0
149,5846,0,0,0
149,5906,0,0,0
149,5963,0,0,0
149,6021,0,0,0
149,6079,0,0,0
149,614,0,0,0
149,6198,0,0,0
149,6255,0,0,0
149,6314,0,0,0
149,6374,0,0,0
149,6433,0,0,0
149,649,0,0,0
149,655,0,0,0
149,6608,0,0,0
149,6667,0,0,0
149,6729,0,0,0
149,6788,0,0,0
149,6847,0,0,0
149,6905,0,0,0
149,6962,0,0,0
149,7021,0,0,0
149,7082,0,0,0
149,7139,0,0,0
149,7197,0,0,0
149,7255,0,0,0
149,7314,0,0,0
149,7375,0,0,0
149,7432,0,0,0
149,7491,0,0,0
149,755,0,0,0
149,7619,0,0,0
149,7687,0,0,0
149,7745,0,0,0
149,7804,0,0,0
149,7863,0,0,0
149,7921,0,0,0
149,7979,0,0,0
149,8038,0,0,0
149,8097,0,0,0
149,8153,0,0,0
149,8213,0,0,0
149,8272,0,0,0
149,8334,0,0,0
149,8392,0,0,0
149,845,0,0,0
149,8509,0,0,0
149,8568,0,0,0
149,8625,0,0,0
149,8687,0,0,0
149,8747,0,0,0
149,8805,0,0,0
149,8865,0,0,0
149,8924,0,0,0
149,8982,0,0,0
149,9041,0,0,0
149,9099,0,0,0
149,9156,0,0,0
149,9217,0,0,0
149,9275,0,0,0
149,9334,0,0,0
149,9393,0,0,0
149,9448,0,0,0
149,9505,0,0,0
149,9564,0,0,0
149,9623,0,0,0
149,9683,0,0,0
149,9739,0,0,0
149,9807,0,0,0
149,9873,0,0,0
149,9933,0,0,0
149,9989,0,0,0
150,0049,0,0,0
150,0143,0,0,0
150,021,0,0,0
150,0279,0,0,0
150,0338,0,0,0
150,0399,0,0,0
150,0457,0,0,0
150,0518,0,0,0
150,0576,0,0,0
150,0634,0,0,0
150,0698,0,0,0
150,0756,0,0,0
150,0813,0,0,0
150,0871,0,0,0
150,0928,0,0,0
150,0983,0,0,0
150,1043,0,0,0
150,1123,0,0,0
150,1193,0,0,0
150,1257,0,0,0
150,1322,0,0,0
150,1381,0,0,0
150,1439,0,0,0
150,1498,0,0,0
150,1556,0,0,0
150,1613,0,0,0
150,168,0,0,0
150,1749,0,0,0
150,1807,0,0,0
150,1866,0,0,0
150,1925,0,0,0
150,1982,0,0,0
150,2041,0,0,0
150,2098,0,0,0
150,2156,0,0,0
150,2214,0,0,0
150,2272,0,0,0
150,2332,0,0,0
150,2393,0,0,0
150,245,0,0,0
150,251,0,0,0
150,2568,0,0,0
150,2632,0,0,0
150,2699,0,0,0
150,2759,0,0,0
150,282,0,0,0
150,2882,0,0,0
150,294,0,0,0
150,3,0,0,0
150,3059,0,0,0
150,3119,0,0,0
150,3177,0,0,0
150,3235,0,0,0
150,3292,0,0,0
150,3349,0,0,0
150,3405,0,0,0
150,3464,0,0,0
150,3524,0,0,0
150,3583,0,0,0
150,3641,0,0,0
150,3702,0,0,0
150,3762,0,0,0
150,382,0,0,0
150,388,0,0,0
150,3938,0,0,0
150,3996,0,0,0
150,4056,0,0,0
150,4115,0,0,0
150,4183,0,0,0
150,4251,0,0,0
150,4309,0,0,0
150,4369,0,0,0
150,4426,0,0,0
150,4486,0,0,0
150,4546,0,0,0
150,4604,0,0,0
150,4663,0,0,0
150,4746,0,0,0
150,4804,0,0,0
150,4865,0,0,0
150,4924,0,0,0
150,4982,0,0,0
150,5042,0,0,0
150,5107,0,0,0
150,5169,0,0,0
150,5228,0,0,0
150,5287,0,0,0
150,5347,0,0,0
150,5406,0,0,0
150,5464,0,0,0
150,5524,0,0,0
150,5584,0,0,0
150,5641,0,0,0
150,57,0,0,0
150,5759,0,0,0
150,5816,0,0,0
150,5875,0,0,0
150,5934,0,0,0
150,599,0,0,0
150,6051,0,0,0
150,6109,0,0,0
150,6168,0,0,0
150,6228,0,0,0
150,6285,0,0,0
150,6343,0,0,0
150,6402,0,0,0
150,6461,0,0,0
150,6524,0,0,0
150,6583,0,0,0
150,6642,0,0,0
150,6701,0,0,0
150,6758,0,0,0
150,6818,0,0,0
150,6877,0,0,0
150,6935,0,0,0
150,6992,0,0,0
150,7052,0,0,0
150,7111,0,0,0
150,7171,0,0,0
150,7231,0,0,0
150,7289,0,0,0
150,7348,0,0,0
150,7407,0,0,0
150,7464,0,0,0
150,7527,0,0,0
150,7587,0,0,0
150,7644,0,0,0
150,771,0,0,0
150,7769,0,0,0
150,7825,0,0,0
150,7885,0,0,0
150,7942,0,0,0
150,8001,0,0,0
150,8061,0,0,0
150,8121,0,0,0
150,8181,0,0,0
150,8239,0,0,0
150,8298,0,0,0
150,8358,0,0,0
150,8423,0,0,0
150,8495,0,0,0
150,8554,0,0,0
150,8614,0,0,0
150,8672,0,0,0
150,8732,0,0,0
150,8789,0,0,0
150,8847,0,0,0
150,8907,0,0,0
150,8966,0,0,0
150,9025,0,0,0
150,9083,0,0,0
150,914,0,0,0
150,9244,0,0,0
150,9306,0,0,0
150,937,0,0,0
150,9439,0,0,0
150,9512,0,0,0
150,9575,0,0,0
150,9634,0,0,0
150,9692,0,0,0
150,9753,0,0,0
150,9811,0,0,0
150,9871,0,0,0
150,9928,0,0,0
150,9987,0,0,0
151,0049,0,0,0
151,0108,0,0,0
151,0169,0,0,0
151,0227,0,0,0
151,0283,0,0,0
151,034,0,0,0
151,0397,0,0,0
151,0453,0,0,0
151,0509,0,0,0
151,057,0,0,0
151,0627,0,0,0
151,069,0,0,0
151,0748,0,0,0
151,0806,0,0,0
151,0865,0,0,0
151,0923,0,0,0
151,0981,0,0,0
151,104,0,0,0
151,1096,0,0,0
151,1154,0,0,0
151,1214,0,0,0
151,128,0,0,0
151,1353,0,0,0
151,1411,0,0,0
151,1468,0,0,0
151,1528,0,0,0
151,1586,0,0,0
151,1645,0,0,0
151,1706,0,0,0
151,1765,0,0,0
151,1823,0,0,0
151,1897,0,0,0
151,1963,0,0,0
151,2024,0,0,0
151,2083,0,0,0
151,214,0,0,0
151,2198,0,0,0
151,2257,0,0,0
151,2316,0,0,0
151,2375,0,0,0
151,2433,0,0,0
151,249,0,0,0
151,2554,0,0,0
151,2609,0,0,0
151,2666,0,0,0
151,2726,0,0,0
151,2784,0,0,0
151,2844,0,0,0
151,2902,0,0,0
151,296,0,0,0
151,302,0,0,0
151,3078,0,0,0
151,3136,0,0,0
151,3195,0,0,0
151,3254,0,0,0
151,3313,0,0,0
151,3372,0,0,0
151,343,0,0,0
151,3504,0,0,0
151,3562,0,0,0
151,3618,0,0,0
151,3676,0,0,0
151,3738,0,0,0
151,3795,0,0,0
151,3855,0,0,0
151,3918,0,0,0
151,3975,0,0,0
151,4034,0,0,0
151,4092,0,0,0
151,4148,0,0,0
151,4205,0,0,0
151,4261,0,0,0
151,4317,0,0,0
151,4376,0,0,0
151,4434,0,0,0
151,4494,0,0,0
151,4562,0,0,0
151,4635,0,0,0
151,4697,0,0,0
151,4757,0,0,0
151,4817,0,0,0
151,4877,0,0,0
151,4936,0,0,0
151,4994,0,0,0
151,5053,0,0,0
151,5112,0,0,0
151,5172,0,0,0
151,5233,0,0,0
151,5292,0,0,0
151,5356,0,0,0
151,5426,0,0,0
151,5485,0,0,0
151,5547,0,0,0
151,5615,0,0,0
151,5687,0,0,0
151,5746,0,0,0
151,5803,0,0,0
151,5863,0,0,0
151,592,0,0,0
151,5979,0,0,0
151,604,0,0,0
151,6099,0,0,0
151,6157,0,0,0
151,6218,0,0,0
151,6275,0,0,0
151,6333,0,0,0
151,6392,0,0,0
151,6449,0,0,0
151,6505,0,0,0
151,6562,0,0,0
151,6622,0,0,0
151,6683,0,0,0
151,6747,0,0,0
151,6817,0,0,0
151,6881,0,0,0
151,694,0,0,0
151,6999,0,0,0
151,7064,0,0,0
151,7136,0,0,0
151,7196,0,0,0
151,7256,0,0,0
151,7313,0,0,0
151,7378,0,0,0
151,7436,0,0,0
151,7493,0,0,0
151,7553,0,0,0
151,7612,0,0,0
151,7669,0,0,0
151,7739,0,0,0
151,781,0,0,0
151,787,0,0,0
151,7935,0,0,0
151,7998,0,0,0
151,806,0,0,0
151,8121,0,0,0
151,818,0,0,0
151,824,0,0,0
151,8334,0,0,0
151,8393,0,0,0
151,845,0,0,0
151,8506,0,0,0
151,8564,0,0,0
151,863,0,0,0
151,8691,0,0,0
151,875,0,0,0
151,8808,0,0,0
151,8869,0,0,0
151,8934,0,0,0
151,9,0,0,0
151,9071,0,0,0
151,9142,0,0,0
151,9205,0,0,0
151,9264,0,0,0
151,9324,0,0,0
151,9383,0,0,0
151,9442,0,0,0
151,9502,0,0,0
151,9562,0,0,0
151,9619,0,0,0
151,968,0,0,0
151,9739,0,0,0
151,9797,0,0,0
151,9855,0,0,0
151,9913,0,0,0
151,9977,0,0,0
152,0043,0,0,0
152,0102,0,0,0
152,016,0,0,0
152,0226,0,0,0
152,0294,0,0,0
152,0356,0,0,0
152,0415,0,0,0
152,0475,0,0,0
152,0536,0,0,0
152,0597,0,0,0
152,0655,0,0,0
152,0716,0,0,0
152,0775,0,0,0
152,0831,0,0,0
152,0901,0,0,0
152,0963,0,0,0
152,1024,0,0,0
152,1085,0,0,0
152,1142,0,0,0
152,1202,0,0,0
152,1262,0,0,0
152,132,0,0,0
152,138,0,0,0
152,1437,0,0,0
152,1497,0,0,0
152,1557,0,0,0
152,1618,0,0,0
152,1678,0,0,0
152,1755,0,0,0
152,1824,0,0,0
152,1887,0,0,0
152,1945,0,0,0
152,2004,0,0,0
152,2066,0,0,0
152,2125,0,0,0
152,2184,0,0,0
152,2244,0,0,0
152,2304,0,0,0
152,2365,0,0,0
152,2426,0,0,0
152,2485,0,0,0
152,255,0,0,0
152,2618,0,0,0
152,268,0,0,0
152,274,0,0,0
152,2798,0,0,0
152,2859,0,0,0
152,292,0,0,0
152,2978,0,0,0
152,3039,0,0,0
152,3099,0,0,0
152,316,0,0,0
152,3219,0,0,0
152,3278,0,0,0
152,3338,0,0,0
152,3399,0,0,0
152,3458,0,0,0
152,3517,0,0,0
152,3578,0,0,0
152,3637,0,0,0
152,37,0,0,0
152,3759,0,0,0
152,382,0,0,0
152,388,0,0,0
152,3944,0,0,0
152,4016,0,0,0
152,4089,0,0,0
152,4151,0,0,0
152,4218,0,0,0
152,4285,0,0,0
152,4345,0,0,0
152,4408,0,0,0
152,4469,0,0,0
152,4539,0,0,0
152,4608,0,0,0
152,4667,0,0,0
152,4728,0,0,0
152,4788,0,0,0
152,4846,0,0,0
152,4907,0,0,0
152,4966,0,0,0
152,5027,0,0,0
152,5087,0,0,0
152,5145,0,0,0
152,5207,0,0,0
152,5266,0,0,0
152,5325,0,0,0
152,5387,0,0,0
152,5455,0,0,0
152,5525,0,0,0
152,5587,0,0,0
152,5657,0,0,0
152,5726,0,0,0
152,5785,0,0,0
152,5844,0,0,0
152,5907,0,0,0
152,5966,0,0,0
152,6029,0,0,0
152,6089,0,0,0
152,6148,0,0,0
152,6209,0,0,0
152,6269,0,0,0
152,6328,0,0,0
152,6388,0,0,0
152,6458,0,0,0
152,6527,0,0,0
152,6587,0,0,0
152,6655,0,0,0
152,6731,0,0,0
152,6791,0,0,0
152,6851,0,0,0
152,6911,0,0,0
152,697,0,0,0
152,7042,0,0,0
152,7115,0,0,0
152,7185,0,0,0
152,7249,0,0,0
152,731,0,0,0
152,737,0,0,0
152,743,0,0,0
152,7489,0,0,0
152,7586,0,0,0
152,7646,0,0,0
152,7708,0,0,0
152,7771,0,0,0
152,7829,0,0,0
152,7889,0,0,0
152,795,0,0,0
152,8009,0,0,0
152,8073,0,0,0
152,8143,0,0,0
152,8212,0,0,0
152,8273,0,0,0
152,8331,0,0,0
152,8393,0,0,0
152,8452,0,0,0
152,8513,0,0,0
152,8577,0,0,0
152,8635,0,0,0
152,8695,0,0,0
152,8755,0,0,0
152,8816,0,0,0
152,8877,0,0,0
152,8936,0,0,0
152,8996,0,0,0
152,9057,0,0,0
152,9118,0,0,0
152,9179,0,0,0
152,9241,0,0,0
152,9301,0,0,0
152,936,0,0,0
152,9421,0,0,0
152,9486,0,0,0
152,9555,0,0,0
152,9631,0,0,0
152,9708,0,0,0
152,977,0,0,0
152,9831,0,0,0
152,9892,0,0,0
152,9952,0,0,0
153,0021,0,0,0
153,0108,0,0,0
153,0172,0,0,0
153,0236,0,0,0
153,0295,0,0,0
153,0358,0,0,0
153,0425,0,0,0
153,0484,0,0,0
153,0546,0,0,0
153,0605,0,0,0
153,0666,0,0,0
153,0727,0,0,0
153,0795,0,0,0
153,087,0,0,0
153,0932,0,0,0
153,0993,0,0,0
153,1056,0,0,0
153,1115,0,0,0
153,1176,0,0,0
153,1238,0,0,0
153,13,0,0,0
153,1362,0,0,0
153,1425,0,0,0
153,1484,0,0,0
153,1546,0,0,0
153,1607,0,0,0
153,1666,0,0,0
153,1727,0,0,0
153,1787,0,0,0
153,1846,0,0,0
153,1907,0,0,0
153,1967,0,0,0
153,2027,0,0,0
153,2085,0,0,0
153,2142,0,0,0
153,22,0,0,0
153,2257,0,0,0
153,2314,0,0,0
153,2374,0,0,0
153,2435,0,0,0
153,2495,0,0,0
153,2556,0,0,0
153,2616,0,0,0
153,2676,0,0,0
153,274,0,0,0
153,28,0,0,0
153,2861,0,0,0
153,2923,0,0,0
153,2983,0,0,0
153,3044,0,0,0
153,3104,0,0,0
153,3163,0,0,0
153,3224,0,0,0
153,3284,0,0,0
153,3342,0,0,0
153,3405,0,0,0
153,3465,0,0,0
153,3523,0,0,0
153,3585,0,0,0
153,3644,0,0,0
153,3708,0,0,0
153,3768,0,0,0
153,3826,0,0,0
153,3888,0,0,0
153,3947,0,0,0
153,4005,0,0,0
153,4066,0,0,0
153,4124,0,0,0
153,4186,0,0,0
153,4247,0,0,0
153,4305,0,0,0
153,437,0,0,0
153,443,0,0,0
153,449,0,0,0
153,4549,0,0,0
153,461,0,0,0
153,4669,0,0,0
153,4729,0,0,0
153,4797,0,0,0
153,4869,0,0,0
153,4932,0,0,0
153,4992,0,0,0
153,5052,0,0,0
153,5115,0,0,0
153,5177,0,0,0
153,5245,0,0,0
153,5304,0,0,0
153,5365,0,0,0
153,5428,0,0,0
153,5488,0,0,0
153,555,0,0,0
153,561,0,0,0
153,5669,0,0,0
153,5743,0,0,0
153,5809,0,0,0
153,5874,0,0,0
153,5938,0,0,0
153,6003,0,0,0
153,6067,0,0,0
153,6131,0,0,0
153,6204,0,0,0
153,6276,0,0,0
153,634,0,0,0
153,642,0,0,0
153,6504,0,0,0
153,6573,0,0,0
153,6638,0,0,0
153,6703,0,0,0
153,6768,0,0,0
153,6831,0,0,0
153,6902,0,0,0
153,6971,0,0,0
153,7077,0,0,0
153,714,0,0,0
153,72,0,0,0
153,7272,0,0,0
153,7372,0,0,0
153,7441,0,0,0
153,7507,0,0,0
153,7572,0,0,0
153,7632,0,0,0
153,7721,0,0,0
153,7787,0,0,0
153,7849,0,0,0
153,7922,0,0,0
153,7983,0,0,0
153,8049,0,0,0
153,8111,0,0,0
153,8171,0,0,0
153,8231,0,0,0
153,83,0,0,0
153,8365,0,0,0
153,8428,0,0,0
153,8487,0,0,0
153,8546,0,0,0
153,8604,0,0,0
153,8664,0,0,0
153,8726,0,0,0
153,8786,0,0,0
153,8855,0,0,0
153,8927,0,0,0
153,899,0,0,0
153,9052,0,0,0
153,9113,0,0,0
153,9174,0,0,0
153,9239,0,0,0
153,9299,0,0,0
153,9358,0,0,0
153,9423,0,0,0
153,9483,0,0,0
153,9546,0,0,0
153,9607,0,0,0
153,9668,0,0,0
153,9733,0,0,0
153,9794,0,0,0
153,9853,0,0,0
153,9917,0,0,0
153,9977,0,0,0
154,0041,0,0,0
154,0113,0,0,0
154,0184,0,0,0
154,0248,0,0,0
154,0308,0,0,0
154,0368,0,0,0
154,043,0,0,0
154,0492,0,0,0
154,0557,0,0,0
154,0632,0,0,0
154,0709,0,0,0
154,0774,0,0,0
154,0836,0,0,0
154,0899,0,0,0
154,0958,0,0,0
154,102,0,0,0
154,1084,0,0,0
154,1144,0,0,0
154,1207,0,0,0
154,1267,0,0,0
154,1325,0,0,0
154,1386,0,0,0
154,1457,0,0,0
154,1534,0,0,0
154,1599,0,0,0
154,1659,0,0,0
154,1722,0,0,0
154,1784,0,0,0
154,1845,0,0,0
154,1907,0,0,0
154,1966,0,0,0
154,2028,0,0,0
154,2093,0,0,0
154,2152,0,0,0
154,2214,0,0,0
154,2274,0,0,0
154,2336,0,0,0
154,24,0,0,0
154,246,0,0,0
154,2521,0,0,0
154,2583,0,0,0
154,2643,0,0,0
154,2714,0,0,0
154,2792,0,0,0
154,2856,0,0,0
154,2917,0,0,0
154,298,0,0,0
154,3041,0,0,0
154,3103,0,0,0
154,3163,0,0,0
154,3226,0,0,0
154,3287,0,0,0
154,3347,0,0,0
154,3418,0,0,0
154,3487,0,0,0
154,3553,0,0,0
154,362,0,0,0
154,3689,0,0,0
154,3755,0,0,0
154,382,0,0,0
154,3892,0,0,0
154,3958,0,0,0
154,4029,0,0,0
154,41,0,0,0
154,4161,0,0,0
154,4223,0,0,0
154,4283,0,0,0
154,4344,0,0,0
154,4407,0,0,0
154,4466,0,0,0
154,4534,0,0,0
154,4599,0,0,0
154,466,0,0,0
154,4722,0,0,0
154,4785,0,0,0
154,485,0,0,0
154,4912,0,0,0
154,4974,0,0,0
154,5033,0,0,0
154,5093,0,0,0
154,5152,0,0,0
154,5212,0,0,0
154,5275,0,0,0
154,5336,0,0,0
154,5397,0,0,0
154,547,0,0,0
154,5547,0,0,0
154,5613,0,0,0
154,5685,0,0,0
154,5761,0,0,0
154,5826,0,0,0
154,5891,0,0,0
154,5952,0,0,0
154,6014,0,0,0
154,6076,0,0,0
154,6136,0,0,0
154,6197,0,0,0
154,6258,0,0,0
154,6322,0,0,0
154,6386,0,0,0
154,6446,0,0,0
154,6507,0,0,0
154,6569,0,0,0
154,6634,0,0,0
154,6696,0,0,0
154,6805,0,0,0
154,6866,0,0,0
154,6933,0,0,0
154,6995,0,0,0
154,7065,0,0,0
154,7128,0,0,0
154,7189,0,0,0
154,7254,0,0,0
154,732,0,0,0
154,7386,0,0,0
154,7448,0,0,0
154,7508,0,0,0
154,7571,0,0,0
154,7631,0,0,0
154,7693,0,0,0
154,7762,0,0,0
154,7823,0,0,0
154,7887,0,0,0
154,7947,0,0,0
154,8007,0,0,0
154,807,0,0,0
154,8132,0,0,0
154,8192,0,0,0
154,8255,0,0,0
154,8318,0,0,0
154,8383,0,0,0
154,8447,0,0,0
154,8507,0,0,0
154,8572,0,0,0
154,8632,0,0,0
154,8693,0,0,0
154,8758,0,0,0
154,8818,0,0,0
154,888,0,0,0
154,8943,0,0,0
154,9004,0,0,0
154,907,0,0,0
154,9131,0,0,0
154,9193,0,0,0
154,9258,0,0,0
154,9319,0,0,0
154,9385,0,0,0
154,9447,0,0,0
154,9506,0,0,0
154,957,0,0,0
154,9635,0,0,0
154,9698,0,0,0
154,976,0,0,0
154,9826,0,0,0
154,9898,0,0,0
154,9963,0,0,0
155,0029,0,0,0
155,0094,0,0,0
155,0154,0,0,0
155,0216,0,0,0
155,0279,0,0,0
155,034,0,0,0
155,0403,0,0,0
155,0465,0,0,0
155,0526,0,0,0
155,059,0,0,0
155,0648,0,0,0
155,0708,0,0,0
155,0771,0,0,0
155,0833,0,0,0
155,09,0,0,0
155,096,0,0,0
155,1022,0,0,0
155,1085,0,0,0
155,1147,0,0,0
155,1209,0,0,0
155,1272,0,0,0
155,1334,0,0,0
155,1398,0,0,0
155,1461,0,0,0
155,1522,0,0,0
155,1585,0,0,0
155,1646,0,0,0
155,1705,0,0,0
155,177,0,0,0
155,1828,0,0,0
155,1888,0,0,0
155,195,0,0,0
155,201,0,0,0
155,2079,0,0,0
155,214,0,0,0
155,2202,0,0,0
155,2266,0,0,0
155,2325,0,0,0
155,2388,0,0,0
155,2448,0,0,0
155,2509,0,0,0
155,2571,0,0,0
155,263,0,0,0
155,2692,0,0,0
155,2757,0,0,0
155,2819,0,0,0
155,2878,0,0,0
155,2938,0,0,0
155,2997,0,0,0
155,3058,0,0,0
155,3118,0,0,0
155,3177,0,0,0
155,3239,0,0,0
155,33,0,0,0
155,336,0,0,0
155,3422,0,0,0
155,3485,0,0,0
155,3546,0,0,0
155,3609,0,0,0
155,3669,0,0,0
155,3732,0,0,0
155,3794,0,0,0
155,3856,0,0,0
155,3918,0,0,0
155,3983,0,0,0
155,4058,0,0,0
155,414,0,0,0
155,4202,0,0,0
155,4265,0,0,0
155,4325,0,0,0
155,4396,0,0,0
155,4454,0,0,0
155,4517,0,0,0
155,458,0,0,0
155,4643,0,0,0
155,4705,0,0,0
155,4766,0,0,0
155,4828,0,0,0
155,4902,0,0,0
155,4969,0,0,0
155,5029,0,0,0
155,5094,0,0,0
155,5154,0,0,0
155,5214,0,0,0
155,5279,0,0,0
155,5339,0,0,0
155,54,0,0,0
155,5459,0,0,0
155,552,0,0,0
155,5583,0,0,0
155,5644,0,0,0
155,5708,0,0,0
155,5772,0,0,0
155,5833,0,0,0
155,5901,0,0,0
155,5963,0,0,0
155,6024,0,0,0
155,6087,0,0,0
155,6149,0,0,0
155,6212,0,0,0
155,6274,0,0,0
155,6334,0,0,0
155,6398,0,0,0
155,6495,0,0,0
155,656,0,0,0
155,6624,0,0,0
155,6687,0,0,0
155,6751,0,0,0
155,6813,0,0,0
155,6875,0,0,0
155,6936,0,0,0
155,6998,0,0,0
155,706,0,0,0
155,7121,0,0,0
155,7183,0,0,0
155,7247,0,0,0
155,7307,0,0,0
155,7366,0,0,0
155,7431,0,0,0
155,7491,0,0,0
155,756,0,0,0
155,7623,0,0,0
155,7682,0,0,0
155,7744,0,0,0
155,7805,0,0,0
155,7867,0,0,0
155,7932,0,0,0
155,7992,0,0,0
155,8054,0,0,0
155,8115,0,0,0
155,818,0,0,0
155,8242,0,0,0
155,8303,0,0,0
155,8363,0,0,0
155,8429,0,0,0
155,8492,0,0,0
155,8553,0,0,0
155,8616,0,0,0
155,8678,0,0,0
155,8742,0,0,0
155,8804,0,0,0
155,8865,0,0,0
155,8929,0,0,0
155,8989,0,0,0
155,9052,0,0,0
155,9114,0,0,0
155,9174,0,0,0
155,9233,0,0,0
155,9293,0,0,0
155,9351,0,0,0
155,9413,0,0,0
155,9476,0,0,0
155,9535,0,0,0
155,9597,0,0,0
155,9659,0,0,0
155,9727,0,0,0
155,9788,0,0,0
155,985,0,0,0
155,9913,0,0,0
155,9977,0,0,0
156,0036,0,0,0
156,0097,0,0,0
156,0157,0,0,0
156,0215,0,0,0
156,0276,0,0,0
156,0335,0,0,0
156,0399,0,0,0
156,0462,0,0,0
156,0522,0,0,0
156,0585,0,0,0
156,0645,0,0,0
156,0704,0,0,0
156,0765,0,0,0
156,0826,0,0,0
156,0889,0,0,0
156,0949,0,0,0
156,1009,0,0,0
156,1072,0,0,0
156,1133,0,0,0
156,1194,0,0,0
156,1257,0,0,0
156,1318,0,0,0
156,1377,0,0,0
156,144,0,0,0
156,1501,0,0,0
156,1566,0,0,0
156,1627,0,0,0
156,1689,0,0,0
156,1748,0,0,0
156,181,0,0,0
156,1871,0,0,0
156,1934,0,0,0
156,1996,0,0,0
156,2058,0,0,0
156,2125,0,0,0
156,2194,0,0,0
156,2263,0,0,0
156,2324,0,0,0
156,2384,0,0,0
156,2445,0,0,0
156,2503,0,0,0
156,2565,0,0,0
156,2628,0,0,0
156,2688,0,0,0
156,2754,0,0,0
156,2814,0,0,0
156,2878,0,0,0
156,2942,0,0,0
156,3007,0,0,0
156,3073,0,0,0
156,3135,0,0,0
156,3197,0,0,0
156,3261,0,0,0
156,3322,0,0,0
156,3383,0,0,0
156,3446,0,0,0
156,3512,0,0,0
156,3575,0,0,0
156,3642,0,0,0
156,3705,0,0,0
156,3767,0,0,0
156,3828,0,0,0
156,3893,0,0,0
156,3962,0,0,0
156,4023,0,0,0
156,4086,0,0,0
156,4148,0,0,0
156,4207,0,0,0
156,4269,0,0,0
156,433,0,0,0
156,439,0,0,0
156,4451,0,0,0
156,4511,0,0,0
156,4576,0,0,0
156,4638,0,0,0
156,47,0,0,0
156,4762,0,0,0
156,4823,0,0,0
156,4885,0,0,0
156,4947,0,0,0
156,5007,0,0,0
156,5069,0,0,0
156,5132,0,0,0
156,5191,0,0,0
156,5256,0,0,0
156,5318,0,0,0
156,5379,0,0,0
156,5442,0,0,0
156,5502,0,0,0
156,5563,0,0,0
156,5629,0,0,0
156,569,0,0,0
156,5752,0,0,0
156,5813,0,0,0
156,5874,0,0,0
156,5944,0,0,0
156,6004,0,0,0
156,6067,0,0,0
156,6163,0,0,0
156,623,0,0,0
156,6291,0,0,0
156,6351,0,0,0
156,6417,0,0,0
156,648,0,0,0
156,6541,0,0,0
156,6604,0,0,0
156,6669,0,0,0
156,6734,0,0,0
156,6795,0,0,0
156,6856,0,0,0
156,6917,0,0,0
156,6982,0,0,0
156,7043,0,0,0
156,7108,0,0,0
156,7169,0,0,0
156,7232,0,0,0
156,7295,0,0,0
156,7356,0,0,0
156,7418,0,0,0
156,748,0,0,0
156,7541,0,0,0
156,7605,0,0,0
156,7666,0,0,0
156,7731,0,0,0
156,7796,0,0,0
156,7857,0,0,0
156,7926,0,0,0
156,7988,0,0,0
156,8054,0,0,0
156,812,0,0,0
156,8183,0,0,0
156,8248,0,0,0
156,8316,0,0,0
156,8383,0,0,0
156,8451,0,0,0
156,8516,0,0,0
156,858,0,0,0
156,8644,0,0,0
156,8711,0,0,0
156,8774,0,0,0
156,8834,0,0,0
156,8895,0,0,0
156,8957,0,0,0
156,902,0,0,0
156,9087,0,0,0
156,9149,0,0,0
156,9208,0,0,0
156,9273,0,0,0
156,9333,0,0,0
156,9392,0,0,0
156,9453,0,0,0
156,9514,0,0,0
156,9578,0,0,0
156,9639,0,0,0
156,97,0,0,0
156,9763,0,0,0
156,9825,0,0,0
156,9887,0,0,0
156,9948,0,0,0
157,0009,0,0,0
157,0073,0,0,0
157,0136,0,0,0
157,0201,0,0,0
157,0268,0,0,0
157,0335,0,0,0
157,0398,0,0,0
157,046,0,0,0
157,0523,0,0,0
157,0585,0,0,0
157,0646,0,0,0
157,0706,0,0,0
157,0771,0,0,0
157,0833,0,0,0
157,0895,0,0,0
157,0956,0,0,0
157,1019,0,0,0
157,1085,0,0,0
157,1146,0,0,0
157,1207,0,0,0
157,1271,0,0,0
157,1333,0,0,0
157,1396,0,0,0
157,1458,0,0,0
157,1521,0,0,0
157,1586,0,0,0
157,1648,0,0,0
157,1708,0,0,0
157,1772,0,0,0
157,1835,0,0,0
157,1896,0,0,0
157,1959,0,0,0
157,2021,0,0,0
157,2086,0,0,0
157,2147,0,0,0
157,2209,0,0,0
157,2275,0,0,0
157,2336,0,0,0
157,2398,0,0,0
157,246,0,0,0
157,2523,0,0,0
157,2587,0,0,0
157,2647,0,0,0
157,2708,0,0,0
157,2772,0,0,0
157,2836,0,0,0
157,2899,0,0,0
157,296,0,0,0
157,3021,0,0,0
157,3086,0,0,0
157,3149,0,0,0
157,321,0,0,0
157,3273,0,0,0
157,3335,0,0,0
157,3397,0,0,0
157,3463,0,0,0
157,3524,0,0,0
157,3588,0,0,0
157,3649,0,0,0
157,371,0,0,0
157,3778,0,0,0
157,3844,0,0,0
157,3908,0,0,0
157,3969,0,0,0
157,4032,0,0,0
157,41,0,0,0
157,4161,0,0,0
157,4225,0,0,0
157,4289,0,0,0
157,435,0,0,0
157,4413,0,0,0
157,4474,0,0,0
157,4538,0,0,0
157,4602,0,0,0
157,4664,0,0,0
157,4725,0,0,0
157,4788,0,0,0
157,485,0,0,0
157,4913,0,0,0
157,4974,0,0,0
157,5037,0,0,0
157,5101,0,0,0
157,5161,0,0,0
157,522,0,0,0
157,5286,0,0,0
157,5347,0,0,0
157,541,0,0,0
157,5472,0,0,0
157,5535,0,0,0
157,5596,0,0,0
157,5658,0,0,0
157,5718,0,0,0
157,5783,0,0,0
157,5844,0,0,0
157,5907,0,0,0
157,6004,0,0,0
157,6071,0,0,0
157,6134,0,0,0
157,6201,0,0,0
157,6264,0,0,0
157,6324,0,0,0
157,6385,0,0,0
157,6447,0,0,0
157,6508,0,0,0
157,6571,0,0,0
157,6637,0,0,0
157,6698,0,0,0
157,6759,0,0,0
157,6825,0,0,0
157,6887,0,0,0
157,6951,0,0,0
157,7012,0,0,0
157,7074,0,0,0
157,7134,0,0,0
157,7193,0,0,0
157,7253,0,0,0
157,7316,0,0,0
157,7378,0,0,0
157,7441,0,0,0
157,7501,0,0,0
157,7563,0,0,0
157,7626,0,0,0
157,7686,0,0,0
157,7746,0,0,0
157,7806,0,0,0
157,7865,0,0,0
157,7926,0,0,0
157,7985,0,0,0
157,8044,0,0,0
157,8108,0,0,0
157,817,0,0,0
157,8233,0,0,0
157,8294,0,0,0
157,8353,0,0,0
157,8416,0,0,0
157,8477,0,0,0
157,8538,0,0,0
157,8603,0,0,0
157,8664,0,0,0
157,8732,0,0,0
157,8796,0,0,0
157,8857,0,0,0
157,8921,0,0,0
157,8982,0,0,0
157,9044,0,0,0
157,9109,0,0,0
157,9172,0,0,0
157,9241,0,0,0
157,9303,0,0,0
157,9365,0,0,0
157,943,0,0,0
157,949,0,0,0
157,9548,0,0,0
157,9613,0,0,0
157,9676,0,0,0
157,9739,0,0,0
157,9805,0,0,0
157,9866,0,0,0
157,9931,0,0,0
157,9993,0,0,0
158,0053,0,0,0
158,0126,0,0,0
158,0186,0,0,0
158,025,0,0,0
158,0311,0,0,0
158,0373,0,0,0
158,0437,0,0,0
158,0498,0,0,0
158,0561,0,0,0
158,0626,0,0,0
158,0688,0,0,0
158,0751,0,0,0
158,0813,0,0,0
158,0876,0,0,0
158,0941,0,0,0
158,1003,0,0,0
158,1067,0,0,0
158,113,0,0,0
158,1195,0,0,0
158,1262,0,0,0
158,1329,0,0,0
158,139,0,0,0
158,1456,0,0,0
158,1517,0,0,0
158,158,0,0,0
158,1662,0,0,0
158,1724,0,0,0
158,179,0,0,0
158,185,0,0,0
158,1918,0,0,0
158,1981,0,0,0
158,2042,0,0,0
158,2106,0,0,0
158,2168,0,0,0
158,2231,0,0,0
158,2296,0,0,0
158,2358,0,0,0
158,2425,0,0,0
158,2488,0,0,0
158,2548,0,0,0
158,2613,0,0,0
158,2675,0,0,0
158,2739,0,0,0
158,2803,0,0,0
158,2864,0,0,0
158,2932,0,0,0
158,2996,0,0,0
158,3055,0,0,0
158,312,0,0,0
158,3183,0,0,0
158,3246,0,0,0
158,3308,0,0,0
158,3368,0,0,0
158,3434,0,0,0
158,3495,0,0,0
158,3558,0,0,0
158,3623,0,0,0
158,3683,0,0,0
158,3743,0,0,0
158,3803,0,0,0
158,3865,0,0,0
158,3927,0,0,0
158,3987,0,0,0
158,4045,0,0,0
158,4107,0,0,0
158,417,0,0,0
158,4237,0,0,0
158,43,0,0,0
158,4362,0,0,0
158,4428,0,0,0
158,4492,0,0,0
158,4553,0,0,0
158,4618,0,0,0
158,4679,0,0,0
158,474,0,0,0
158,4806,0,0,0
158,4868,0,0,0
158,4932,0,0,0
158,4993,0,0,0
158,5053,0,0,0
158,512,0,0,0
158,5183,0,0,0
158,5247,0,0,0
158,5308,0,0,0
158,5369,0,0,0
158,5437,0,0,0
158,5498,0,0,0
158,556,0,0,0
158,5624,0,0,0
158,5689,0,0,0
158,5754,0,0,0
158,5815,0,0,0
158,5944,0,0,0
158,6044,0,0,0
158,6111,0,0,0
158,6177,0,0,0
158,624,0,0,0
158,6307,0,0,0
158,6382,0,0,0
158,6447,0,0,0
158,6512,0,0,0
158,6577,0,0,0
158,664,0,0,0
158,6701,0,0,0
158,677,0,0,0
158,6833,0,0,0
158,6894,0,0,0
158,6957,0,0,0
158,7019,0,0,0
158,7081,0,0,0
158,7143,0,0,0
158,7203,0,0,0
158,727,0,0,0
158,7331,0,0,0
158,7393,0,0,0
158,7459,0,0,0
158,7523,0,0,0
158,7588,0,0,0
158,7652,0,0,0
158,7717,0,0,0
158,7785,0,0,0
158,785,0,0,0
158,7913,0,0,0
158,7975,0,0,0
158,8039,0,0,0
158,8105,0,0,0
158,8168,0,0,0
158,8229,0,0,0
158,8294,0,0,0
158,8355,0,0,0
158,8418,0,0,0
158,8481,0,0,0
158,8542,0,0,0
158,8608,0,0,0
158,867,0,0,0
158,8732,0,0,0
158,8798,0,0,0
158,8859,0,0,0
158,8923,0,0,0
158,8985,0,0,0
158,9048,0,0,0
158,9112,0,0,0
158,9175,0,0,0
158,9237,0,0,0
158,9302,0,0,0
158,9365,0,0,0
158,9431,0,0,0
158,9494,0,0,0
158,9557,0,0,0
158,9623,0,0,0
158,9685,0,0,0
158,9747,0,0,0
158,9812,0,0,0
158,9875,0,0,0
158,9937,0,0,0
159,0,0,0
159,0062,0,0,0
159,0127,0,0,0
159,0189,0,0,0
159,0253,0,0,0
159,0316,0,0,0
159,0379,0,0,0
159,0447,0,0,0
159,0512,0,0,0
159,0584,0,0,0
159,0651,0,0,0
159,0717,0,0,0
159,0779,0,0,0
159,0839,0,0,0
159,0905,0,0,0
159,0966,0,0,0
159,1026,0,0,0
159,1089,0,0,0
159,1151,0,0,0
159,1213,0,0,0
159,128,0,0,0
159,1344,0,0,0
159,1405,0,0,0
159,1469,0,0,0
159,1529,0,0,0
159,1593,0,0,0
159,1655,0,0,0
159,1716,0,0,0
159,1778,0,0,0
159,1838,0,0,0
159,1903,0,0,0
159,1966,0,0,0
159,2027,0,0,0
159,2091,0,0,0
159,2151,0,0,0
159,2213,0,0,0
159,2274,0,0,0
159,2336,0,0,0
159,2397,0,0,0
159,2459,0,0,0
159,2522,0,0,0
159,2588,0,0,0
159,2652,0,0,0
159,2715,0,0,0
159,2776,0,0,0
159,2838,0,0,0
159,2899,0,0,0
159,2963,0,0,0
159,3023,0,0,0
159,3091,0,0,0
159,3154,0,0,0
159,3215,0,0,0
159,3279,0,0,0
159,3341,0,0,0
159,3401,0,0,0
159,3465,0,0,0
159,3525,0,0,0
159,3589,0,0,0
159,3652,0,0,0
159,3715,0,0,0
159,3785,0,0,0
159,3849,0,0,0
159,3912,0,0,0
159,3974,0,0,0
159,4035,0,0,0
159,4099,0,0,0
159,4162,0,0,0
159,4222,0,0,0
159,4283,0,0,0
159,4342,0,0,0
159,4403,0,0,0
159,4464,0,0,0
159,4523,0,0,0
159,4585,0,0,0
159,4653,0,0,0
159,4716,0,0,0
159,4778,0,0,0
159,484,0,0,0
159,4903,0,0,0
159,4966,0,0,0
159,506,0,0,0
159,5125,0,0,0
159,5188,0,0,0
159,5265,0,0,0
159,5327,0,0,0
159,5387,0,0,0
159,5451,0,0,0
159,5514,0,0,0
159,5577,0,0,0
159,5646,0,0,0
159,571,0,0,0
159,5773,0,0,0
159,5835,0,0,0
159,5896,0,0,0
159,596,0,0,0
159,6022,0,0,0
159,6082,0,0,0
159,6144,0,0,0
159,6205,0,0,0
159,6268,0,0,0
159,6329,0,0,0
159,639,0,0,0
159,6455,0,0,0
159,6517,0,0,0
159,6578,0,0,0
159,6639,0,0,0
159,6708,0,0,0
159,6773,0,0,0
159,6834,0,0,0
159,6895,0,0,0
159,6963,0,0,0
159,7026,0,0,0
159,7089,0,0,0
159,715,0,0,0
159,7211,0,0,0
159,7274,0,0,0
159,7336,0,0,0
159,7399,0,0,0
159,7465,0,0,0
159,7527,0,0,0
159,759,0,0,0
159,7653,0,0,0
159,7716,0,0,0
159,7781,0,0,0
159,7842,0,0,0
159,7903,0,0,0
159,7968,0,0,0
159,803,0,0,0
159,8095,0,0,0
159,8157,0,0,0
159,822,0,0,0
159,8282,0,0,0
159,8344,0,0,0
159,8407,0,0,0
159,847,0,0,0
159,8536,0,0,0
159,8601,0,0,0
159,8664,0,0,0
159,8728,0,0,0
159,8791,0,0,0
159,8854,0,0,0
159,8915,0,0,0
159,8977,0,0,0
159,9037,0,0,0
159,9102,0,0,0
159,9164,0,0,0
159,9224,0,0,0
159,9289,0,0,0
159,935,0,0,0
159,9413,0,0,0
159,948,0,0,0
159,9541,0,0,0
159,9603,0,0,0
159,9666,0,0,0
159,9729,0,0,0
159,9791,0,0,0
159,9852,0,0,0
159,9915,0,0,0
159,9978,0,0,0
160,004,0,0,0
160,0105,0,0,0
160,0167,0,0,0
160,0231,0,0,0
160,0295,0,0,0
160,0356,0,0,0
160,0417,0,0,0
160,0481,0,0,0
160,0543,0,0,0
160,0605,0,0,0
160,0669,0,0,0
160,0733,0,0,0
160,0807,0,0,0
160,0883,0,0,0
160,0948,0,0,0
160,101,0,0,0
160,1073,0,0,0
160,1137,0,0,0
160,1198,0,0,0
160,1263,0,0,0
160,1325,0,0,0
160,1388,0,0,0
160,1451,0,0,0
160,1513,0,0,0
160,1573,0,0,0
160,1636,0,0,0
160,171,0,0,0
160,1777,0,0,0
160,1839,0,0,0
160,1902,0,0,0
160,1967,0,0,0
160,2028,0,0,0
160,2089,0,0,0
160,215,0,0,0
160,2213,0,0,0
160,2277,0,0,0
160,234,0,0,0
160,2401,0,0,0
160,2466,0,0,0
160,2531,0,0,0
160,2597,0,0,0
160,2663,0,0,0
160,2731,0,0,0
160,2806,0,0,0
160,2869,0,0,0
160,2935,0,0,0
160,2997,0,0,0
160,3058,0,0,0
160,3123,0,0,0
160,3186,0,0,0
160,325,0,0,0
160,3315,0,0,0
160,3376,0,0,0
160,344,0,0,0
160,3503,0,0,0
160,3565,0,0,0
160,3627,0,0,0
160,3697,0,0,0
160,3768,0,0,0
160,3835,0,0,0
160,3899,0,0,0
160,3964,0,0,0
160,403,0,0,0
160,4124,0,0,0
160,4189,0,0,0
160,4254,0,0,0
160,4318,0,0,0
160,438,0,0,0
160,4445,0,0,0
160,4507,0,0,0
160,457,0,0,0
160,4639,0,0,0
160,4701,0,0,0
160,4765,0,0,0
160,4827,0,0,0
160,4889,0,0,0
160,4951,0,0,0
160,5014,0,0,0
160,5078,0,0,0
160,5142,0,0,0
160,5205,0,0,0
160,5271,0,0,0
160,5334,0,0,0
160,5398,0,0,0
160,5461,0,0,0
160,5525,0,0,0
160,5589,0,0,0
160,5653,0,0,0
160,5717,0,0,0
160,578,0,0,0
160,5843,0,0,0
160,5906,0,0,0
160,5971,0,0,0
160,6031,0,0,0
160,6093,0,0,0
160,6155,0,0,0
160,6217,0,0,0
160,628,0,0,0
160,6342,0,0,0
160,6404,0,0,0
160,647,0,0,0
160,6533,0,0,0
160,6602,0,0,0
160,6666,0,0,0
160,6731,0,0,0
160,6796,0,0,0
160,6857,0,0,0
160,6923,0,0,0
160,6988,0,0,0
160,705,0,0,0
160,7119,0,0,0
160,7189,0,0,0
160,7262,0,0,0
160,7339,0,0,0
160,7411,0,0,0
160,7478,0,0,0
160,7547,0,0,0
160,7619,0,0,0
160,7695,0,0,0
160,7766,0,0,0
160,7836,0,0,0
160,7899,0,0,0
160,7964,0,0,0
160,8027,0,0,0
160,81,0,0,0
160,8172,0,0,0
160,8241,0,0,0
160,8313,0,0,0
160,8383,0,0,0
160,8457,0,0,0
160,8519,0,0,0
160,8592,0,0,0
160,8661,0,0,0
160,8732,0,0,0
160,8805,0,0,0
160,8877,0,0,0
160,895,0,0,0
160,9025,0,0,0
160,9099,0,0,0
160,9173,0,0,0
160,9236,0,0,0
160,9314,0,0,0
160,9387,0,0,0
160,946,0,0,0
160,9528,0,0,0
160,9593,0,0,0
160,9655,0,0,0
160,9717,0,0,0
160,9781,0,0,0
160,984,0,0,0
160,9902,0,0,0
160,9969,0,0,0
161,0031,0,0,0
161,0094,0,0,0
161,0157,0,0,0
161,022,0,0,0
161,0284,0,0,0
161,0344,0,0,0
161,0408,0,0,0
161,0473,0,0,0
161,0537,0,0,0
161,06,0,0,0
161,0665,0,0,0
161,073,0,0,0
161,0806,0,0,0
161,0883,0,0,0
161,0957,0,0,0
161,1027,0,0,0
161,1098,0,0,0
161,1165,0,0,0
161,1236,0,0,0
161,1312,0,0,0
161,1385,0,0,0
161,1459,0,0,0
161,153,0,0,0
161,1603,0,0,0
161,1674,0,0,0
161,1746,0,0,0
161,1818,0,0,0
161,1884,0,0,0
161,1958,0,0,0
161,202,0,0,0
161,2083,0,0,0
161,2148,0,0,0
161,2211,0,0,0
161,2275,0,0,0
161,2338,0,0,0
161,2401,0,0,0
161,2466,0,0,0
161,253,0,0,0
161,2593,0,0,0
161,2659,0,0,0
161,2724,0,0,0
161,2796,0,0,0
161,2859,0,0,0
161,2921,0,0,0
161,2982,0,0,0
161,3042,0,0,0
161,3104,0,0,0
161,3179,0,0,0
161,3241,0,0,0
161,3303,0,0,0
161,3366,0,0,0
161,343,0,0,0
161,3493,0,0,0
161,3556,0,0,0
161,3653,0,0,0
161,3719,0,0,0
161,3783,0,0,0
161,3847,0,0,0
161,3912,0,0,0
161,398,0,0,0
161,405,0,0,0
161,4114,0,0,0
161,4179,0,0,0
161,4242,0,0,0
161,4306,0,0,0
161,4368,0,0,0
161,4431,0,0,0
161,4517,0,0,0
161,4589,0,0,0
161,4668,0,0,0
161,4734,0,0,0
161,4803,0,0,0
161,487,0,0,0
161,4939,0,0,0
161,5005,0,0,0
161,507,0,0,0
161,5139,0,0,0
161,5204,0,0,0
161,5272,0,0,0
161,5338,0,0,0
161,5404,0,0,0
161,5471,0,0,0
161,5539,0,0,0
161,5604,0,0,0
161,5668,0,0,0
161,5729,0,0,0
161,5791,0,0,0
161,5855,0,0,0
161,5915,0,0,0
161,5982,0,0,0
161,6044,0,0,0
161,6109,0,0,0
161,6171,0,0,0
161,6232,0,0,0
161,6298,0,0,0
161,6361,0,0,0
161,6423,0,0,0
161,6487,0,0,0
161,6549,0,0,0
161,6615,0,0,0
161,6678,0,0,0
161,6743,0,0,0
161,6809,0,0,0
161,6874,0,0,0
161,6936,0,0,0
161,6998,0,0,0
161,7062,0,0,0
161,7125,0,0,0
161,7188,0,0,0
161,725,0,0,0
161,7315,0,0,0
161,7379,0,0,0
161,7443,0,0,0
161,7507,0,0,0
161,757,0,0,0
161,7635,0,0,0
161,7697,0,0,0
161,776,0,0,0
161,7824,0,0,0
161,7887,0,0,0
161,7949,0,0,0
161,801,0,0,0
161,8073,0,0,0
161,8139,0,0,0
161,8202,0,0,0
161,8264,0,0,0
161,8328,0,0,0
161,839,0,0,0
161,8457,0,0,0
161,8521,0,0,0
161,8597,0,0,0
161,8665,0,0,0
161,8746,0,0,0
161,8821,0,0,0
161,8893,0,0,0
161,8962,0,0,0
161,9034,0,0,0
161,9109,0,0,0
161,9183,0,0,0
161,9251,0,0,0
161,9315,0,0,0
161,9377,0,0,0
161,944,0,0,0
161,9503,0,0,0
161,9565,0,0,0
161,9633,0,0,0
161,9696,0,0,0
161,9761,0,0,0
161,9823,0,0,0
161,9886,0,0,0
161,9951,0,0,0
162,0024,0,0,0
162,0087,0,0,0
162,015,0,0,0
162,0219,0,0,0
162,0294,0,0,0
162,0355,0,0,0
162,0418,0,0,0
162,0482,0,0,0
162,0546,0,0,0
162,0609,0,0,0
162,0671,0,0,0
162,0734,0,0,0
162,0798,0,0,0
162,0864,0,0,0
162,0928,0,0,0
162,0994,0,0,0
162,1056,0,0,0
162,1118,0,0,0
162,1182,0,0,0
162,1247,0,0,0
162,1312,0,0,0
162,1374,0,0,0
162,1438,0,0,0
162,1502,0,0,0
162,1565,0,0,0
162,1631,0,0,0
162,1694,0,0,0
162,1757,0,0,0
162,1824,0,0,0
162,1886,0,0,0
162,195,0,0,0
162,2016,0,0,0
162,2079,0,0,0
162,2145,0,0,0
162,2207,0,0,0
162,2273,0,0,0
162,2337,0,0,0
162,2407,0,0,0
162,2487,0,0,0
162,2558,0,0,0
162,2663,0,0,0
162,2734,0,0,0
162,2807,0,0,0
162,2871,0,0,0
162,2936,0,0,0
162,3,0,0,0
162,3066,0,0,0
162,3129,0,0,0
162,3193,0,0,0
162,3256,0,0,0
162,3321,0,0,0
162,3384,0,0,0
162,3463,0,0,0
162,3527,0,0,0
162,3599,0,0,0
162,3667,0,0,0
162,3731,0,0,0
162,3794,0,0,0
162,3857,0,0,0
162,3922,0,0,0
162,3986,0,0,0
162,405,0,0,0
162,4116,0,0,0
162,4181,0,0,0
162,4244,0,0,0
162,4311,0,0,0
162,4377,0,0,0
162,444,0,0,0
162,4505,0,0,0
162,4567,0,0,0
162,4631,0,0,0
162,4701,0,0,0
162,4766,0,0,0
162,4832,0,0,0
162,4895,0,0,0
162,496,0,0,0
162,5024,0,0,0
162,5086,0,0,0
162,5152,0,0,0
162,5217,0,0,0
162,528,0,0,0
162,5341,0,0,0
162,5416,0,0,0
162,5484,0,0,0
162,5548,0,0,0
162,5611,0,0,0
162,5675,0,0,0
162,5738,0,0,0
162,5808,0,0,0
162,5871,0,0,0
162,5935,0,0,0
162,6,0,0,0
162,6063,0,0,0
162,6125,0,0,0
162,6187,0,0,0
162,625,0,0,0
162,6313,0,0,0
162,6373,0,0,0
162,6438,0,0,0
162,6502,0,0,0
162,6573,0,0,0
162,664,0,0,0
162,6703,0,0,0
162,6773,0,0,0
162,6836,0,0,0
162,6902,0,0,0
162,6965,0,0,0
162,703,0,0,0
162,7092,0,0,0
162,7155,0,0,0
162,7218,0,0,0
162,7281,0,0,0
162,7342,0,0,0
162,7404,0,0,0
162,7469,0,0,0
162,7533,0,0,0
162,7596,0,0,0
162,7657,0,0,0
162,7721,0,0,0
162,7784,0,0,0
162,785,0,0,0
162,7914,0,0,0
162,7993,0,0,0
162,8056,0,0,0
162,8123,0,0,0
162,8185,0,0,0
162,8251,0,0,0
162,8319,0,0,0
162,8382,0,0,0
162,8445,0,0,0
162,8508,0,0,0
162,8573,0,0,0
162,8638,0,0,0
162,8702,0,0,0
162,8764,0,0,0
162,8829,0,0,0
162,8892,0,0,0
162,8965,0,0,0
162,9029,0,0,0
162,9094,0,0,0
162,9158,0,0,0
162,9222,0,0,0
162,9287,0,0,0
162,9351,0,0,0
162,9414,0,0,0
162,9477,0,0,0
162,9538,0,0,0
162,9601,0,0,0
162,9667,0,0,0
162,9729,0,0,0
162,9793,0,0,0
162,9856,0,0,0
162,9918,0,0,0
162,9983,0,0,0
163,0045,0,0,0
163,011,0,0,0
163,0172,0,0,0
163,0232,0,0,0
163,03,0,0,0
163,0364,0,0,0
163,0427,0,0,0
163,0497,0,0,0
163,0561,0,0,0
163,0626,0,0,0
163,0691,0,0,0
163,0754,0,0,0
163,0818,0,0,0
163,0883,0,0,0
163,0946,0,0,0
163,1012,0,0,0
163,1081,0,0,0
163,1147,0,0,0
163,1213,0,0,0
163,1275,0,0,0
163,1336,0,0,0
163,1396,0,0,0
163,1461,0,0,0
163,153,0,0,0
163,1603,0,0,0
163,1675,0,0,0
163,1744,0,0,0
163,1815,0,0,0
163,1878,0,0,0
163,195,0,0,0
163,2063,0,0,0
163,2134,0,0,0
163,2198,0,0,0
163,2271,0,0,0
163,2343,0,0,0
163,2408,0,0,0
163,2483,0,0,0
163,2547,0,0,0
163,2611,0,0,0
163,2676,0,0,0
163,2739,0,0,0
163,2805,0,0,0
163,2868,0,0,0
163,2931,0,0,0
163,3011,0,0,0
163,3075,0,0,0
163,3141,0,0,0
163,3203,0,0,0
163,3264,0,0,0
163,3328,0,0,0
163,3388,0,0,0
163,3452,0,0,0
163,352,0,0,0
163,3583,0,0,0
163,3654,0,0,0
163,3719,0,0,0
163,3782,0,0,0
163,3848,0,0,0
163,3912,0,0,0
163,3977,0,0,0
163,404,0,0,0
163,4105,0,0,0
163,4169,0,0,0
163,423,0,0,0
163,4298,0,0,0
163,4359,0,0,0
163,4422,0,0,0
163,4486,0,0,0
163,455,0,0,0
163,4615,0,0,0
163,4678,0,0,0
163,4738,0,0,0
163,482,0,0,0
163,4887,0,0,0
163,4951,0,0,0
163,5016,0,0,0
163,5081,0,0,0
163,5146,0,0,0
163,5212,0,0,0
163,5276,0,0,0
163,5341,0,0,0
163,5404,0,0,0
163,547,0,0,0
163,5536,0,0,0
163,5609,0,0,0
163,5683,0,0,0
163,5747,0,0,0
163,5815,0,0,0
163,5879,0,0,0
163,5946,0,0,0
163,6012,0,0,0
163,6079,0,0,0
163,6159,0,0,0
163,6227,0,0,0
163,6297,0,0,0
163,6363,0,0,0
163,6427,0,0,0
163,6492,0,0,0
163,6559,0,0,0
163,6632,0,0,0
163,6702,0,0,0
163,6768,0,0,0
163,6831,0,0,0
163,6894,0,0,0
163,697,0,0,0
163,7035,0,0,0
163,71,0,0,0
163,7165,0,0,0
163,7229,0,0,0
163,7294,0,0,0
163,7359,0,0,0
163,7421,0,0,0
163,7487,0,0,0
163,7551,0,0,0
163,7626,0,0,0
163,7691,0,0,0
163,7757,0,0,0
163,7827,0,0,0
163,7891,0,0,0
163,7958,0,0,0
163,8027,0,0,0
163,8095,0,0,0
163,8163,0,0,0
163,8227,0,0,0
163,8294,0,0,0
163,8358,0,0,0
163,8422,0,0,0
163,8486,0,0,0
163,855,0,0,0
163,8625,0,0,0
163,8691,0,0,0
163,8754,0,0,0
163,8819,0,0,0
163,8886,0,0,0
163,8952,0,0,0
163,9018,0,0,0
163,9081,0,0,0
163,9148,0,0,0
163,9211,0,0,0
163,9275,0,0,0
163,9337,0,0,0
163,9402,0,0,0
163,9468,0,0,0
163,9531,0,0,0
163,9606,0,0,0
163,9677,0,0,0
163,9745,0,0,0
163,981,0,0,0
163,9878,0,0,0
163,9946,0,0,0
164,0013,0,0,0
164,0078,0,0,0
164,0143,0,0,0
164,0207,0,0,0
164,0304,0,0,0
164,038,0,0,0
164,0445,0,0,0
164,0513,0,0,0
164,058,0,0,0
164,0648,0,0,0
164,0711,0,0,0
164,0773,0,0,0
164,0835,0,0,0
164,0897,0,0,0
164,0962,0,0,0
164,1024,0,0,0
164,1088,0,0,0
164,1153,0,0,0
164,1217,0,0,0
164,1283,0,0,0
164,1348,0,0,0
164,1411,0,0,0
164,1476,0,0,0
164,1551,0,0,0
164,162,0,0,0
164,1684,0,0,0
164,1746,0,0,0
164,1809,0,0,0
164,1876,0,0,0
164,1944,0,0,0
164,2011,0,0,0
164,2077,0,0,0
164,2144,0,0,0
164,222,0,0,0
164,2289,0,0,0
164,2356,0,0,0
164,2422,0,0,0
164,249,0,0,0
164,2556,0,0,0
164,2622,0,0,0
164,2687,0,0,0
164,2756,0,0,0
164,2822,0,0,0
164,2886,0,0,0
164,2951,0,0,0
164,3015,0,0,0
164,3078,0,0,0
164,3144,0,0,0
164,3207,0,0,0
164,327,0,0,0
164,3345,0,0,0
164,3412,0,0,0
164,3479,0,0,0
164,3544,0,0,0
164,3608,0,0,0
164,368,0,0,0
164,3746,0,0,0
164,3815,0,0,0
164,3884,0,0,0
164,3953,0,0,0
164,4021,0,0,0
164,4087,0,0,0
164,4153,0,0,0
164,4221,0,0,0
164,4295,0,0,0
164,4362,0,0,0
164,4426,0,0,0
164,4492,0,0,0
164,4556,0,0,0
164,4625,0,0,0
164,4688,0,0,0
164,4758,0,0,0
164,4826,0,0,0
164,4888,0,0,0
164,495,0,0,0
164,5016,0,0,0
164,5079,0,0,0
164,5144,0,0,0
164,5208,0,0,0
164,5285,0,0,0
164,5354,0,0,0
164,5419,0,0,0
164,5489,0,0,0
164,5554,0,0,0
164,5621,0,0,0
164,5687,0,0,0
164,5753,0,0,0
164,5822,0,0,0
164,5889,0,0,0
164,5956,0,0,0
164,602,0,0,0
164,6094,0,0,0
164,616,0,0,0
164,6223,0,0,0
164,6289,0,0,0
164,6353,0,0,0
164,642,0,0,0
164,6483,0,0,0
164,6544,0,0,0
164,6605,0,0,0
164,6667,0,0,0
164,6733,0,0,0
164,68,0,0,0
164,6867,0,0,0
164,6931,0,0,0
164,7001,0,0,0
164,7074,0,0,0
164,7145,0,0,0
164,721,0,0,0
164,7273,0,0,0
164,7339,0,0,0
164,7406,0,0,0
164,7475,0,0,0
164,7542,0,0,0
164,761,0,0,0
164,7679,0,0,0
164,7745,0,0,0
164,7813,0,0,0
164,7913,0,0,0
164,7989,0,0,0
164,8057,0,0,0
164,8123,0,0,0
164,8188,0,0,0
164,8251,0,0,0
164,8316,0,0,0
164,8377,0,0,0
164,8438,0,0,0
164,8506,0,0,0
164,8569,0,0,0
164,8634,0,0,0
164,8697,0,0,0
164,8761,0,0,0
164,8827,0,0,0
164,8893,0,0,0
164,8963,0,0,0
164,9029,0,0,0
164,9093,0,0,0
164,9157,0,0,0
164,922,0,0,0
164,9297,0,0,0
164,9364,0,0,0
164,943,0,0,0
164,9499,0,0,0
164,9565,0,0,0
164,9633,0,0,0
164,9698,0,0,0
164,9796,0,0,0
164,9863,0,0,0
164,9927,0,0,0
164,9991,0,0,0
165,0058,0,0,0
165,0126,0,0,0
165,0193,0,0,0
165,0258,0,0,0
165,0329,0,0,0
165,0394,0,0,0
165,0459,0,0,0
165,0525,0,0,0
165,0587,0,0,0
165,0653,0,0,0
165,0716,0,0,0
165,0779,0,0,0
165,0844,0,0,0
165,0909,0,0,0
165,0976,0,0,0
165,1039,0,0,0
165,1102,0,0,0
165,1168,0,0,0
165,123,0,0,0
165,1301,0,0,0
165,1369,0,0,0
165,1438,0,0,0
165,1506,0,0,0
165,1569,0,0,0
165,1635,0,0,0
165,17,0,0,0
165,1763,0,0,0
165,1826,0,0,0
165,189,0,0,0
165,1953,0,0,0
165,2018,0,0,0
165,2081,0,0,0
165,2144,0,0,0
165,2207,0,0,0
165,2271,0,0,0
165,2335,0,0,0
165,2398,0,0,0
165,2462,0,0,0
165,2524,0,0,0
165,2585,0,0,0
165,2647,0,0,0
165,2712,0,0,0
165,2774,0,0,0
165,2837,0,0,0
165,2902,0,0,0
165,2967,0,0,0
165,3031,0,0,0
165,3095,0,0,0
165,3159,0,0,0
165,3224,0,0,0
165,3288,0,0,0
165,3353,0,0,0
165,3415,0,0,0
165,348,0,0,0
165,3544,0,0,0
165,3606,0,0,0
165,3671,0,0,0
165,3734,0,0,0
165,3797,0,0,0
165,3864,0,0,0
165,3927,0,0,0
165,3993,0,0,0
165,4056,0,0,0
165,4117,0,0,0
165,4188,0,0,0
165,4252,0,0,0
165,4319,0,0,0
165,4382,0,0,0
165,4444,0,0,0
165,4512,0,0,0
165,4575,0,0,0
165,464,0,0,0
165,4705,0,0,0
165,4769,0,0,0
165,4837,0,0,0
165,4901,0,0,0
165,4965,0,0,0
165,5028,0,0,0
165,5089,0,0,0
165,5153,0,0,0
165,5215,0,0,0
165,5276,0,0,0
165,534,0,0,0
165,5401,0,0,0
165,5463,0,0,0
165,5527,0,0,0
165,559,0,0,0
165,5656,0,0,0
165,572,0,0,0
165,5785,0,0,0
165,5851,0,0,0
165,5913,0,0,0
165,5979,0,0,0
165,6042,0,0,0
165,6107,0,0,0
165,6173,0,0,0
165,6236,0,0,0
165,6302,0,0,0
165,6366,0,0,0
165,643,0,0,0
165,6496,0,0,0
165,656,0,0,0
165,6624,0,0,0
165,6689,0,0,0
165,6758,0,0,0
165,6857,0,0,0
165,6922,0,0,0
165,6987,0,0,0
165,7052,0,0,0
165,7117,0,0,0
165,7182,0,0,0
165,7245,0,0,0
165,7312,0,0,0
165,7376,0,0,0
165,744,0,0,0
165,7507,0,0,0
165,757,0,0,0
165,7638,0,0,0
165,7702,0,0,0
165,7764,0,0,0
165,7831,0,0,0
165,7896,0,0,0
165,7963,0,0,0
165,8026,0,0,0
165,8091,0,0,0
165,8154,0,0,0
165,8217,0,0,0
165,8277,0,0,0
165,8339,0,0,0
165,8402,0,0,0
165,8467,0,0,0
165,8531,0,0,0
165,8594,0,0,0
165,866,0,0,0
165,8725,0,0,0
165,8786,0,0,0
165,8852,0,0,0
165,8917,0,0,0
165,8981,0,0,0
165,9045,0,0,0
165,9107,0,0,0
165,9175,0,0,0
165,9238,0,0,0
165,9301,0,0,0
165,9366,0,0,0
165,9431,0,0,0
165,9497,0,0,0
165,9559,0,0,0
165,9622,0,0,0
165,9689,0,0,0
165,9754,0,0,0
165,9824,0,0,0
165,9889,0,0,0
165,9953,0,0,0
166,0021,0,0,0
166,0084,0,0,0
166,015,0,0,0
166,0213,0,0,0
166,0274,0,0,0
166,0335,0,0,0
166,0396,0,0,0
166,0459,0,0,0
166,0524,0,0,0
166,0587,0,0,0
166,0652,0,0,0
166,0716,0,0,0
166,0779,0,0,0
166,0844,0,0,0
166,0907,0,0,0
166,0971,0,0,0
166,1035,0,0,0
166,1097,0,0,0
166,1166,0,0,0
166,1229,0,0,0
166,1295,0,0,0
166,1361,0,0,0
166,1425,0,0,0
166,1491,0,0,0
166,1555,0,0,0
166,1617,0,0,0
166,1679,0,0,0
166,1742,0,0,0
166,1806,0,0,0
166,1869,0,0,0
166,1934,0,0,0
166,1998,0,0,0
166,2062,0,0,0
166,2124,0,0,0
166,2188,0,0,0
166,2251,0,0,0
166,2316,0,0,0
166,238,0,0,0
166,245,0,0,0
166,2518,0,0,0
166,2589,0,0,0
166,2663,0,0,0
166,274,0,0,0
166,2816,0,0,0
166,2887,0,0,0
166,2953,0,0,0
166,3031,0,0,0
166,3105,0,0,0
166,3178,0,0,0
166,3241,0,0,0
166,3348,0,0,0
166,3421,0,0,0
166,3492,0,0,0
166,3555,0,0,0
166,3632,0,0,0
166,3707,0,0,0
166,3777,0,0,0
166,3844,0,0,0
166,3907,0,0,0
166,3973,0,0,0
166,4042,0,0,0
166,4106,0,0,0
166,417,0,0,0
166,4234,0,0,0
166,4297,0,0,0
166,436,0,0,0
166,4424,0,0,0
166,4489,0,0,0
166,4552,0,0,0
166,4615,0,0,0
166,468,0,0,0
166,4744,0,0,0
166,4808,0,0,0
166,4872,0,0,0
166,4935,0,0,0
166,5001,0,0,0
166,5064,0,0,0
166,5126,0,0,0
166,519,0,0,0
166,5255,0,0,0
166,532,0,0,0
166,5381,0,0,0
166,5445,0,0,0
166,5513,0,0,0
166,5575,0,0,0
166,5637,0,0,0
166,5701,0,0,0
166,5767,0,0,0
166,583,0,0,0
166,5894,0,0,0
166,5958,0,0,0
166,6026,0,0,0
166,6089,0,0,0
166,6153,0,0,0
166,6217,0,0,0
166,6281,0,0,0
166,6348,0,0,0
166,641,0,0,0
166,6509,0,0,0
166,6573,0,0,0
166,6641,0,0,0
166,6705,0,0,0
166,6768,0,0,0
166,6833,0,0,0
166,6896,0,0,0
166,6958,0,0,0
166,7023,0,0,0
166,7086,0,0,0
166,7151,0,0,0
166,7213,0,0,0
166,7276,0,0,0
166,7341,0,0,0
166,7405,0,0,0
166,7469,0,0,0
166,7533,0,0,0
166,7597,0,0,0
166,7661,0,0,0
166,7727,0,0,0
166,7788,0,0,0
166,7853,0,0,0
166,7918,0,0,0
166,7981,0,0,0
166,8046,0,0,0
166,811,0,0,0
166,8175,0,0,0
166,8238,0,0,0
166,8302,0,0,0
166,8369,0,0,0
166,8432,0,0,0
166,8496,0,0,0
166,8561,0,0,0
166,8625,0,0,0
166,8689,0,0,0
166,8754,0,0,0
166,8827,0,0,0
166,8894,0,0,0
166,8957,0,0,0
166,9021,0,0,0
166,9084,0,0,0
166,9146,0,0,0
166,9214,0,0,0
166,9278,0,0,0
166,9341,0,0,0
166,9407,0,0,0
166,9471,0,0,0
166,9536,0,0,0
166,9599,0,0,0
166,9668,0,0,0
166,9732,0,0,0
166,9794,0,0,0
166,9862,0,0,0
166,9926,0,0,0
166,9992,0,0,0
167,0056,0,0,0
167,0119,0,0,0
167,0182,0,0,0
167,0243,0,0,0
167,0307,0,0,0
167,0372,0,0,0
167,0438,0,0,0
167,0506,0,0,0
167,0572,0,0,0
167,0639,0,0,0
167,0706,0,0,0
167,077,0,0,0
167,0835,0,0,0
167,0899,0,0,0
167,0963,0,0,0
167,1028,0,0,0
167,109,0,0,0
167,1156,0,0,0
167,122,0,0,0
167,1283,0,0,0
167,1346,0,0,0
167,1409,0,0,0
167,147,0,0,0
167,1536,0,0,0
167,1603,0,0,0
167,1674,0,0,0
167,1741,0,0,0
167,1806,0,0,0
167,1869,0,0,0
167,1933,0,0,0
167,2,0,0,0
167,2064,0,0,0
167,2127,0,0,0
167,2191,0,0,0
167,2256,0,0,0
167,2324,0,0,0
167,2388,0,0,0
167,2452,0,0,0
167,2518,0,0,0
167,2584,0,0,0
167,2647,0,0,0
167,2712,0,0,0
167,2778,0,0,0
167,2843,0,0,0
167,2906,0,0,0
167,2971,0,0,0
167,3035,0,0,0
167,31,0,0,0
167,3164,0,0,0
167,3227,0,0,0
167,3291,0,0,0
167,3356,0,0,0
167,3419,0,0,0
167,3486,0,0,0
167,355,0,0,0
167,3614,0,0,0
167,3679,0,0,0
167,3741,0,0,0
167,3806,0,0,0
167,387,0,0,0
167,3932,0,0,0
167,3994,0,0,0
167,4057,0,0,0
167,412,0,0,0
167,4184,0,0,0
167,4247,0,0,0
167,4312,0,0,0
167,4378,0,0,0
167,4438,0,0,0
167,4506,0,0,0
167,4571,0,0,0
167,4637,0,0,0
167,4702,0,0,0
167,4765,0,0,0
167,483,0,0,0
167,4894,0,0,0
167,4957,0,0,0
167,502,0,0,0
167,5086,0,0,0
167,5153,0,0,0
167,5216,0,0,0
167,5279,0,0,0
167,5344,0,0,0
167,5408,0,0,0
167,5472,0,0,0
167,5536,0,0,0
167,5601,0,0,0
167,5665,0,0,0
167,5728,0,0,0
167,5791,0,0,0
167,5857,0,0,0
167,5921,0,0,0
167,6018,0,0,0
167,6083,0,0,0
167,6148,0,0,0
167,6212,0,0,0
167,6273,0,0,0
167,6343,0,0,0
167,6406,0,0,0
167,6472,0,0,0
167,654,0,0,0
167,6603,0,0,0
167,6675,0,0,0
167,6739,0,0,0
167,6803,0,0,0
167,6866,0,0,0
167,6933,0,0,0
167,6999,0,0,0
167,7061,0,0,0
167,7125,0,0,0
167,719,0,0,0
167,7253,0,0,0
167,7315,0,0,0
167,7379,0,0,0
167,7444,0,0,0
167,7508,0,0,0
167,7572,0,0,0
167,7634,0,0,0
167,77,0,0,0
167,7763,0,0,0
167,7829,0,0,0
167,7895,0,0,0
167,7958,0,0,0
167,8026,0,0,0
167,809,0,0,0
167,8157,0,0,0
167,8222,0,0,0
167,8286,0,0,0
167,8349,0,0,0
167,8412,0,0,0
167,8479,0,0,0
167,8544,0,0,0
167,861,0,0,0
167,8675,0,0,0
167,8739,0,0,0
167,8804,0,0,0
167,8867,0,0,0
167,8931,0,0,0
167,8996,0,0,0
167,9062,0,0,0
167,9125,0,0,0
167,9191,0,0,0
167,9256,0,0,0
167,9323,0,0,0
167,9387,0,0,0
167,945,0,0,0
167,9515,0,0,0
167,9581,0,0,0
167,9647,0,0,0
167,9713,0,0,0
167,9779,0,0,0
167,9843,0,0,0
167,9906,0,0,0
167,997,0,0,0
168,0035,0,0,0
168,0099,0,0,0
168,0163,0,0,0
168,0227,0,0,0
168,0289,0,0,0
168,0354,0,0,0
168,0418,0,0,0
168,0482,0,0,0
168,0552,0,0,0
168,0615,0,0,0
168,068,0,0,0
168,0744,0,0,0
168,0806,0,0,0
168,0874,0,0,0
168,0937,0,0,0
168,1001,0,0,0
168,1067,0,0,0
168,1132,0,0,0
168,12,0,0,0
168,1264,0,0,0
168,1332,0,0,0
168,1398,0,0,0
168,1462,0,0,0
168,1528,0,0,0
168,1592,0,0,0
168,1661,0,0,0
168,1725,0,0,0
168,1789,0,0,0
168,1855,0,0,0
168,192,0,0,0
168,1983,0,0,0
168,2047,0,0,0
168,2112,0,0,0
168,2181,0,0,0
168,2244,0,0,0
168,2307,0,0,0
168,2372,0,0,0
168,2436,0,0,0
168,2502,0,0,0
168,2566,0,0,0
168,2629,0,0,0
168,2695,0,0,0
168,2757,0,0,0
168,2821,0,0,0
168,2885,0,0,0
168,2946,0,0,0
168,3009,0,0,0
168,3071,0,0,0
168,3136,0,0,0
168,3201,0,0,0
168,3265,0,0,0
168,3331,0,0,0
168,3396,0,0,0
168,346,0,0,0
168,3525,0,0,0
168,3589,0,0,0
168,3655,0,0,0
168,372,0,0,0
168,3783,0,0,0
168,385,0,0,0
168,3916,0,0,0
168,398,0,0,0
168,4044,0,0,0
168,4108,0,0,0
168,4174,0,0,0
168,4238,0,0,0
168,4301,0,0,0
168,4368,0,0,0
168,4433,0,0,0
168,4502,0,0,0
168,4565,0,0,0
168,4629,0,0,0
168,4696,0,0,0
168,4767,0,0,0
168,4832,0,0,0
168,4895,0,0,0
168,496,0,0,0
168,5023,0,0,0
168,5086,0,0,0
168,515,0,0,0
168,5216,0,0,0
168,528,0,0,0
168,5345,0,0,0
168,541,0,0,0
168,5475,0,0,0
168,5542,0,0,0
168,564,0,0,0
168,5706,0,0,0
168,5776,0,0,0
168,5841,0,0,0
168,5905,0,0,0
168,5969,0,0,0
168,6037,0,0,0
168,6102,0,0,0
168,6167,0,0,0
168,623,0,0,0
168,6294,0,0,0
168,6361,0,0,0
168,6423,0,0,0
168,6495,0,0,0
168,656,0,0,0
168,6627,0,0,0
168,6698,0,0,0
168,6769,0,0,0
168,6836,0,0,0
168,6901,0,0,0
168,6965,0,0,0
168,7029,0,0,0
168,7095,0,0,0
168,7159,0,0,0
168,7224,0,0,0
168,7288,0,0,0
168,7353,0,0,0
168,7418,0,0,0
168,7482,0,0,0
168,7546,0,0,0
168,761,0,0,0
168,7675,0,0,0
168,7739,0,0,0
168,7802,0,0,0
168,787,0,0,0
168,7933,0,0,0
168,7998,0,0,0
168,8063,0,0,0
168,8127,0,0,0
168,8192,0,0,0
168,8256,0,0,0
168,8322,0,0,0
168,8388,0,0,0
168,8452,0,0,0
168,8516,0,0,0
168,858,0,0,0
168,8646,0,0,0
168,8713,0,0,0
168,8775,0,0,0
168,8841,0,0,0
168,8905,0,0,0
168,8968,0,0,0
168,9034,0,0,0
168,91,0,0,0
168,9167,0,0,0
168,9233,0,0,0
168,9297,0,0,0
168,9368,0,0,0
168,943,0,0,0
168,9494,0,0,0
168,9558,0,0,0
168,9621,0,0,0
168,9692,0,0,0
168,9756,0,0,0
168,9822,0,0,0
168,9888,0,0,0
168,9951,0,0,0
169,0018,0,0,0
169,0082,0,0,0
169,0146,0,0,0
169,0212,0,0,0
169,0276,0,0,0
169,0339,0,0,0
169,0402,0,0,0
169,0466,0,0,0
169,053,0,0,0
169,0619,0,0,0
169,0689,0,0,0
169,0755,0,0,0
169,0817,0,0,0
169,088,0,0,0
169,0942,0,0,0
169,1005,0,0,0
169,1068,0,0,0
169,113,0,0,0
169,1196,0,0,0
169,1259,0,0,0
169,1324,0,0,0
169,1386,0,0,0
169,1448,0,0,0
169,1514,0,0,0
169,1578,0,0,0
169,1642,0,0,0
169,1709,0,0,0
169,1775,0,0,0
169,1845,0,0,0
169,1916,0,0,0
169,1987,0,0,0
169,2055,0,0,0
169,212,0,0,0
169,2186,0,0,0
169,225,0,0,0
169,2315,0,0,0
169,2383,0,0,0
169,2446,0,0,0
169,251,0,0,0
169,2575,0,0,0
169,264,0,0,0
169,2706,0,0,0
169,2771,0,0,0
169,2837,0,0,0
169,2903,0,0,0
169,2965,0,0,0
169,3032,0,0,0
169,3097,0,0,0
169,3163,0,0,0
169,3228,0,0,0
169,3291,0,0,0
169,3356,0,0,0
169,342,0,0,0
169,3485,0,0,0
169,3551,0,0,0
169,3617,0,0,0
169,3682,0,0,0
169,3745,0,0,0
169,3808,0,0,0
169,3878,0,0,0
169,3947,0,0,0
169,4012,0,0,0
169,4077,0,0,0
169,4142,0,0,0
169,4209,0,0,0
169,4272,0,0,0
169,4338,0,0,0
169,4403,0,0,0
169,4466,0,0,0
169,4531,0,0,0
169,4596,0,0,0
169,4663,0,0,0
169,4726,0,0,0
169,4787,0,0,0
169,4858,0,0,0
169,4925,0,0,0
169,4995,0,0,0
169,5059,0,0,0
169,5124,0,0,0
169,519,0,0,0
169,5255,0,0,0
169,5318,0,0,0
169,5418,0,0,0
169,5481,0,0,0
169,5548,0,0,0
169,5613,0,0,0
169,5678,0,0,0
169,5742,0,0,0
169,5806,0,0,0
169,5873,0,0,0
169,5937,0,0,0
169,6002,0,0,0
169,6068,0,0,0
169,6131,0,0,0
169,6196,0,0,0
169,6261,0,0,0
169,6327,0,0,0
169,6391,0,0,0
169,6454,0,0,0
169,6521,0,0,0
169,6585,0,0,0
169,6653,0,0,0
169,6718,0,0,0
169,6785,0,0,0
169,6849,0,0,0
169,6913,0,0,0
169,6977,0,0,0
169,7043,0,0,0
169,7107,0,0,0
169,7174,0,0,0
169,7237,0,0,0
169,7301,0,0,0
169,7366,0,0,0
169,743,0,0,0
169,7493,0,0,0
169,7559,0,0,0
169,7622,0,0,0
169,7687,0,0,0
169,775,0,0,0
169,7814,0,0,0
169,7885,0,0,0
169,7948,0,0,0
169,8013,0,0,0
169,8079,0,0,0
169,8143,0,0,0
169,8208,0,0,0
169,8273,0,0,0
169,8339,0,0,0
169,8402,0,0,0
169,8466,0,0,0
169,8535,0,0,0
169,8601,0,0,0
169,8667,0,0,0
169,873,0,0,0
169,8794,0,0,0
169,886,0,0,0
169,8925,0,0,0
169,8988,0,0,0
169,9056,0,0,0
169,912,0,0,0
169,9188,0,0,0
169,9252,0,0,0
169,9315,0,0,0
169,9382,0,0,0
169,9445,0,0,0
169,951,0,0,0
169,9574,0,0,0
169,9638,0,0,0
169,971,0,0,0
169,9774,0,0,0
169,9841,0,0,0
169,9907,0,0,0
169,997,0,0,0
170,0036,0,0,0
170,01,0,0,0
170,0166,0,0,0
170,0231,0,0,0
170,0294,0,0,0
170,036,0,0,0
170,0428,0,0,0
170,0494,0,0,0
170,0559,0,0,0
170,0623,0,0,0
170,0689,0,0,0
170,0754,0,0,0
170,0816,0,0,0
170,0882,0,0,0
170,0947,0,0,0
170,1013,0,0,0
170,1076,0,0,0
170,1143,0,0,0
170,1208,0,0,0
170,1271,0,0,0
170,1335,0,0,0
170,1399,0,0,0
170,1462,0,0,0
170,1529,0,0,0
170,1593,0,0,0
170,1658,0,0,0
170,1723,0,0,0
170,1788,0,0,0
170,1852,0,0,0
170,1914,0,0,0
170,198,0,0,0
170,2045,0,0,0
170,2108,0,0,0
170,2172,0,0,0
170,2237,0,0,0
170,2302,0,0,0
170,2365,0,0,0
170,2431,0,0,0
170,2496,0,0,0
170,2559,0,0,0
170,2623,0,0,0
170,2687,0,0,0
170,2751,0,0,0
170,2815,0,0,0
170,2881,0,0,0
170,2945,0,0,0
170,3013,0,0,0
170,3078,0,0,0
170,3141,0,0,0
170,3205,0,0,0
170,327,0,0,0
170,3335,0,0,0
170,34,0,0,0
170,3464,0,0,0
170,353,0,0,0
170,3593,0,0,0
170,3654,0,0,0
170,372,0,0,0
170,3781,0,0,0
170,3851,0,0,0
170,3915,0,0,0
170,3979,0,0,0
170,4044,0,0,0
170,411,0,0,0
170,4172,0,0,0
170,4255,0,0,0
170,432,0,0,0
170,4389,0,0,0
170,4451,0,0,0
170,4518,0,0,0
170,4585,0,0,0
170,4648,0,0,0
170,4718,0,0,0
170,4781,0,0,0
170,4848,0,0,0
170,4911,0,0,0
170,4975,0,0,0
170,5043,0,0,0
170,5107,0,0,0
170,5206,0,0,0
170,527,0,0,0
170,5336,0,0,0
170,5401,0,0,0
170,5465,0,0,0
170,5529,0,0,0
170,5593,0,0,0
170,5657,0,0,0
170,5727,0,0,0
170,5789,0,0,0
170,5854,0,0,0
170,592,0,0,0
170,5983,0,0,0
170,6048,0,0,0
170,611,0,0,0
170,6174,0,0,0
170,6237,0,0,0
170,63,0,0,0
170,6368,0,0,0
170,6432,0,0,0
170,6496,0,0,0
170,656,0,0,0
170,6623,0,0,0
170,6692,0,0,0
170,6755,0,0,0
170,6819,0,0,0
170,6884,0,0,0
170,6948,0,0,0
170,7014,0,0,0
170,7077,0,0,0
170,7141,0,0,0
170,7204,0,0,0
170,727,0,0,0
170,7334,0,0,0
170,7399,0,0,0
170,7464,0,0,0
170,7529,0,0,0
170,7592,0,0,0
170,7654,0,0,0
170,7719,0,0,0
170,7781,0,0,0
170,7843,0,0,0
170,7905,0,0,0
170,797,0,0,0
170,8035,0,0,0
170,8097,0,0,0
170,8161,0,0,0
170,8229,0,0,0
170,8294,0,0,0
170,8357,0,0,0
170,8419,0,0,0
170,8485,0,0,0
170,8551,0,0,0
170,8614,0,0,0
170,8677,0,0,0
170,8741,0,0,0
170,8805,0,0,0
170,8867,0,0,0
170,8931,0,0,0
170,8994,0,0,0
170,906,0,0,0
170,9122,0,0,0
170,9183,0,0,0
170,9248,0,0,0
170,9312,0,0,0
170,9376,0,0,0
170,9439,0,0,0
170,9505,0,0,0
170,9571,0,0,0
170,9634,0,0,0
170,97,0,0,0
170,9764,0,0,0
170,9828,0,0,0
170,9892,0,0,0
170,9955,0,0,0
171,0019,0,0,0
171,0083,0,0,0
171,015,0,0,0
171,0214,0,0,0
171,028,0,0,0
171,0343,0,0,0
171,0408,0,0,0
171,0471,0,0,0
171,0534,0,0,0
171,0595,0,0,0
171,0657,0,0,0
171,0721,0,0,0
171,0784,0,0,0
171,085,0,0,0
171,0915,0,0,0
171,0977,0,0,0
171,1041,0,0,0
171,1103,0,0,0
171,1169,0,0,0
171,1233,0,0,0
171,1296,0,0,0
171,1364,0,0,0
171,1426,0,0,0
171,149,0,0,0
171,1555,0,0,0
171,1617,0,0,0
171,168,0,0,0
171,1742,0,0,0
171,1808,0,0,0
171,1873,0,0,0
171,1936,0,0,0
171,2001,0,0,0
171,2067,0,0,0
171,2136,0,0,0
171,2206,0,0,0
171,227,0,0,0
171,2333,0,0,0
171,2404,0,0,0
171,2474,0,0,0
171,2547,0,0,0
171,2611,0,0,0
171,2676,0,0,0
171,2739,0,0,0
171,2802,0,0,0
171,2867,0,0,0
171,2931,0,0,0
171,2994,0,0,0
171,3058,0,0,0
171,3123,0,0,0
171,3189,0,0,0
171,3252,0,0,0
171,3317,0,0,0
171,3383,0,0,0
171,3449,0,0,0
171,3513,0,0,0
171,3575,0,0,0
171,364,0,0,0
171,3703,0,0,0
171,3767,0,0,0
171,3831,0,0,0
171,3899,0,0,0
171,3963,0,0,0
171,4027,0,0,0
171,4092,0,0,0
171,4155,0,0,0
171,4225,0,0,0
171,4288,0,0,0
171,4354,0,0,0
171,4418,0,0,0
171,448,0,0,0
171,4543,0,0,0
171,4606,0,0,0
171,4671,0,0,0
171,4738,0,0,0
171,483,0,0,0
171,4898,0,0,0
171,4961,0,0,0
171,5023,0,0,0
171,5086,0,0,0
171,5147,0,0,0
171,5209,0,0,0
171,5274,0,0,0
171,5338,0,0,0
171,5405,0,0,0
171,5474,0,0,0
171,5539,0,0,0
171,5603,0,0,0
171,5666,0,0,0
171,5732,0,0,0
171,5795,0,0,0
171,5857,0,0,0
171,5921,0,0,0
171,5986,0,0,0
171,6056,0,0,0
171,6119,0,0,0
171,6184,0,0,0
171,6248,0,0,0
171,631,0,0,0
171,6375,0,0,0
171,6439,0,0,0
171,6507,0,0,0
171,6574,0,0,0
171,6637,0,0,0
171,6709,0,0,0
171,6773,0,0,0
171,6841,0,0,0
171,6905,0,0,0
171,6969,0,0,0
171,7035,0,0,0
171,71,0,0,0
171,7164,0,0,0
171,723,0,0,0
171,7294,0,0,0
171,7362,0,0,0
171,7426,0,0,0
171,7489,0,0,0
171,7555,0,0,0
171,7618,0,0,0
171,7683,0,0,0
171,775,0,0,0
171,7813,0,0,0
171,7876,0,0,0
171,7938,0,0,0
171,8,0,0,0
171,8063,0,0,0
171,8124,0,0,0
171,8187,0,0,0
171,8249,0,0,0
171,8311,0,0,0
171,8374,0,0,0
171,8436,0,0,0
171,8497,0,0,0
171,8562,0,0,0
171,8624,0,0,0
171,8686,0,0,0
171,8748,0,0,0
171,881,0,0,0
171,8874,0,0,0
171,894,0,0,0
171,9008,0,0,0
171,9074,0,0,0
171,9137,0,0,0
171,9202,0,0,0
171,9266,0,0,0
171,933,0,0,0
171,9395,0,0,0
171,9457,0,0,0
171,9523,0,0,0
171,9587,0,0,0
171,9649,0,0,0
171,9715,0,0,0
171,9777,0,0,0
171,9842,0,0,0
171,9908,0,0,0
171,9969,0,0,0
172,0034,0,0,0
172,0096,0,0,0
172,0159,0,0,0
172,0223,0,0,0
172,0286,0,0,0
172,035,0,0,0
172,0413,0,0,0
172,0474,0,0,0
172,0543,0,0,0
172,0608,0,0,0
172,067,0,0,0
172,0734,0,0,0
172,0797,0,0,0
172,0862,0,0,0
172,0924,0,0,0
172,0984,0,0,0
172,1046,0,0,0
172,111,0,0,0
172,1173,0,0,0
172,1238,0,0,0
172,13,0,0,0
172,1365,0,0,0
172,1427,0,0,0
172,1488,0,0,0
172,1553,0,0,0
172,1616,0,0,0
172,168,0,0,0
172,1743,0,0,0
172,1807,0,0,0
172,1872,0,0,0
172,1937,0,0,0
172,2002,0,0,0
172,2067,0,0,0
172,2131,0,0,0
172,2197,0,0,0
172,2259,0,0,0
172,2325,0,0,0
172,2392,0,0,0
172,2458,0,0,0
172,2524,0,0,0
172,2589,0,0,0
172,2654,0,0,0
172,2719,0,0,0
172,2782,0,0,0
172,2846,0,0,0
172,2913,0,0,0
172,2978,0,0,0
172,3044,0,0,0
172,3109,0,0,0
172,3176,0,0,0
172,3242,0,0,0
172,3305,0,0,0
172,3372,0,0,0
172,3436,0,0,0
172,3501,0,0,0
172,3565,0,0,0
172,3629,0,0,0
172,3699,0,0,0
172,3762,0,0,0
172,3828,0,0,0
172,3895,0,0,0
172,3962,0,0,0
172,4025,0,0,0
172,4088,0,0,0
172,4152,0,0,0
172,4216,0,0,0
172,4284,0,0,0
172,4349,0,0,0
172,4418,0,0,0
172,4483,0,0,0
172,4584,0,0,0
172,4648,0,0,0
172,4715,0,0,0
172,4781,0,0,0
172,4845,0,0,0
172,4913,0,0,0
172,4977,0,0,0
172,5044,0,0,0
172,5109,0,0,0
172,5172,0,0,0
172,5238,0,0,0
172,5304,0,0,0
172,537,0,0,0
172,5435,0,0,0
172,5499,0,0,0
172,5567,0,0,0
172,5632,0,0,0
172,5702,0,0,0
172,5767,0,0,0
172,5834,0,0,0
172,5902,0,0,0
172,5965,0,0,0
172,6031,0,0,0
172,6098,0,0,0
172,616,0,0,0
172,6226,0,0,0
172,629,0,0,0
172,6356,0,0,0
172,6424,0,0,0
172,6497,0,0,0
172,6564,0,0,0
172,663,0,0,0
172,67,0,0,0
172,6771,0,0,0
172,6834,0,0,0
172,6901,0,0,0
172,6966,0,0,0
172,7032,0,0,0
172,7097,0,0,0
172,7163,0,0,0
172,7229,0,0,0
172,7293,0,0,0
172,7358,0,0,0
172,7424,0,0,0
172,7488,0,0,0
172,7551,0,0,0
172,7617,0,0,0
172,7684,0,0,0
172,7753,0,0,0
172,7817,0,0,0
172,7883,0,0,0
172,7947,0,0,0
172,801,0,0,0
172,8075,0,0,0
172,8139,0,0,0
172,8207,0,0,0
172,8271,0,0,0
172,8336,0,0,0
172,8405,0,0,0
172,8472,0,0,0
172,8538,0,0,0
172,8601,0,0,0
172,8666,0,0,0
172,873,0,0,0
172,8795,0,0,0
172,8858,0,0,0
172,8925,0,0,0
172,8989,0,0,0
172,9054,0,0,0
172,912,0,0,0
172,9186,0,0,0
172,9252,0,0,0
172,9317,0,0,0
172,9383,0,0,0
172,9447,0,0,0
172,9511,0,0,0
172,9577,0,0,0
172,964,0,0,0
172,9709,0,0,0
172,9779,0,0,0
172,9851,0,0,0
172,9919,0,0,0
172,9982,0,0,0
173,0049,0,0,0
173,0113,0,0,0
173,018,0,0,0
173,0245,0,0,0
173,0311,0,0,0
173,0381,0,0,0
173,0445,0,0,0
173,051,0,0,0
173,0578,0,0,0
173,0643,0,0,0
173,0707,0,0,0
173,0772,0,0,0
173,0843,0,0,0
173,0911,0,0,0
173,0975,0,0,0
173,1041,0,0,0
173,1108,0,0,0
173,1173,0,0,0
173,1239,0,0,0
173,1304,0,0,0
173,1372,0,0,0
173,1439,0,0,0
173,1502,0,0,0
173,1747,0,0,0
173,1866,0,0,0
173,1953,0,0,0
173,2025,0,0,0
173,2092,0,0,0
173,2155,0,0,0
173,222,0,0,0
173,2286,0,0,0
173,2352,0,0,0
173,2418,0,0,0
173,2486,0,0,0
173,2555,0,0,0
173,2626,0,0,0
173,2696,0,0,0
173,2764,0,0,0
173,2829,0,0,0
173,2895,0,0,0
173,296,0,0,0
173,3026,0,0,0
173,3093,0,0,0
173,3159,0,0,0
173,3226,0,0,0
173,3292,0,0,0
173,3357,0,0,0
173,3422,0,0,0
173,3487,0,0,0
173,3554,0,0,0
173,362,0,0,0
173,3685,0,0,0
173,3753,0,0,0
173,3818,0,0,0
173,3886,0,0,0
173,3953,0,0,0
173,4018,0,0,0
173,4084,0,0,0
173,4149,0,0,0
173,4212,0,0,0
173,4279,0,0,0
173,4342,0,0,0
173,4409,0,0,0
173,4473,0,0,0
173,454,0,0,0
173,4606,0,0,0
173,467,0,0,0
173,4737,0,0,0
173,4837,0,0,0
173,4904,0,0,0
173,4969,0,0,0
173,5037,0,0,0
173,5104,0,0,0
173,5168,0,0,0
173,5234,0,0,0
173,5299,0,0,0
173,5367,0,0,0
173,5433,0,0,0
173,5498,0,0,0
173,5564,0,0,0
173,5632,0,0,0
173,5697,0,0,0
173,5762,0,0,0
173,5827,0,0,0
173,5895,0,0,0
173,5962,0,0,0
173,6026,0,0,0
173,6091,0,0,0
173,6156,0,0,0
173,6222,0,0,0
173,6288,0,0,0
173,6351,0,0,0
173,6418,0,0,0
173,6482,0,0,0
173,6547,0,0,0
173,6613,0,0,0
173,6678,0,0,0
173,6747,0,0,0
173,6811,0,0,0
173,6878,0,0,0
173,6944,0,0,0
173,7009,0,0,0
173,7074,0,0,0
173,7137,0,0,0
173,7204,0,0,0
173,7269,0,0,0
173,7334,0,0,0
173,74,0,0,0
173,7464,0,0,0
173,7527,0,0,0
173,7591,0,0,0
173,7653,0,0,0
173,7716,0,0,0
173,778,0,0,0
173,7841,0,0,0
173,791,0,0,0
173,7976,0,0,0
173,804,0,0,0
173,8103,0,0,0
173,8165,0,0,0
173,8234,0,0,0
173,8298,0,0,0
173,8365,0,0,0
173,843,0,0,0
173,8496,0,0,0
173,8573,0,0,0
173,8645,0,0,0
173,8718,0,0,0
173,8785,0,0,0
173,8853,0,0,0
173,8918,0,0,0
173,8996,0,0,0
173,9069,0,0,0
173,914,0,0,0
173,9215,0,0,0
173,9289,0,0,0
173,9357,0,0,0
173,9427,0,0,0
173,9494,0,0,0
173,9567,0,0,0
173,9632,0,0,0
173,9702,0,0,0
173,9773,0,0,0
173,9842,0,0,0
173,9911,0,0,0
173,9979,0,0,0
174,0051,0,0,0
174,0114,0,0,0
174,0181,0,0,0
174,0252,0,0,0
174,032,0,0,0
174,0392,0,0,0
174,0462,0,0,0
174,0532,0,0,0
174,0604,0,0,0
174,0677,0,0,0
174,0745,0,0,0
174,0812,0,0,0
174,0882,0,0,0
174,095,0,0,0
174,1016,0,0,0
174,1091,0,0,0
174,1158,0,0,0
174,1236,0,0,0
174,1304,0,0,0
174,1374,0,0,0
174,1447,0,0,0
174,1522,0,0,0
174,1595,0,0,0
174,1661,0,0,0
174,1729,0,0,0
174,1794,0,0,0
174,1867,0,0,0
174,1939,0,0,0
174,201,0,0,0
174,2082,0,0,0
174,2151,0,0,0
174,222,0,0,0
174,2288,0,0,0
174,2351,0,0,0
174,2427,0,0,0
174,25,0,0,0
174,2577,0,0,0
174,2649,0,0,0
174,2718,0,0,0
174,2786,0,0,0
174,2853,0,0,0
174,2932,0,0,0
174,3002,0,0,0
174,3074,0,0,0
174,3149,0,0,0
174,3226,0,0,0
174,3296,0,0,0
174,3364,0,0,0
174,3438,0,0,0
174,351,0,0,0
174,3582,0,0,0
174,3651,0,0,0
174,3719,0,0,0
174,3792,0,0,0
174,3862,0,0,0
174,3941,0,0,0
174,4017,0,0,0
174,4088,0,0,0
174,4158,0,0,0
174,4231,0,0,0
174,4298,0,0,0
174,4363,0,0,0
174,4435,0,0,0
174,4504,0,0,0
174,4577,0,0,0
174,4653,0,0,0
174,4725,0,0,0
174,4792,0,0,0
174,4861,0,0,0
174,494,0,0,0
174,5013,0,0,0
174,5109,0,0,0
174,5183,0,0,0
174,5282,0,0,0
174,5353,0,0,0
174,5419,0,0,0
174,5492,0,0,0
174,5566,0,0,0
174,5636,0,0,0
174,5718,0,0,0
174,5799,0,0,0
174,5877,0,0,0
174,5948,0,0,0
174,6021,0,0,0
174,6095,0,0,0
174,6168,0,0,0
174,6236,0,0,0
174,6306,0,0,0
174,6376,0,0,0
174,6447,0,0,0
174,6513,0,0,0
174,6589,0,0,0
174,6666,0,0,0
174,674,0,0,0
174,681,0,0,0
174,6879,0,0,0
174,6957,0,0,0
174,7042,0,0,0
174,7137,0,0,0
174,7217,0,0,0
174,7289,0,0,0
174,7361,0,0,0
174,7437,0,0,0
174,7519,0,0,0
174,7594,0,0,0
174,7658,0,0,0
174,7723,0,0,0
174,779,0,0,0
174,7855,0,0,0
174,7929,0,0,0
174,7996,0,0,0
174,8071,0,0,0
174,8137,0,0,0
174,8203,0,0,0
174,8269,0,0,0
174,8334,0,0,0
174,8404,0,0,0
174,847,0,0,0
174,8536,0,0,0
174,8604,0,0,0
174,8673,0,0,0
174,8748,0,0,0
174,8817,0,0,0
174,8887,0,0,0
174,895,0,0,0
174,9017,0,0,0
174,9083,0,0,0
174,9148,0,0,0
174,9217,0,0,0
174,9287,0,0,0
174,9357,0,0,0
174,943,0,0,0
174,9498,0,0,0
174,9563,0,0,0
174,9627,0,0,0
174,9691,0,0,0
174,9757,0,0,0
174,9825,0,0,0
174,9899,0,0,0
174,9975,0,0,0
175,0048,0,0,0
175,0112,0,0,0
175,0184,0,0,0
175,026,0,0,0
175,0332,0,0,0
175,0405,0,0,0
175,048,0,0,0
175,0551,0,0,0
175,0621,0,0,0
175,0694,0,0,0
175,0761,0,0,0
175,0833,0,0,0
175,09,0,0,0
175,0963,0,0,0
175,103,0,0,0
175,1096,0,0,0
175,1161,0,0,0
175,1228,0,0,0
175,1291,0,0,0
175,1362,0,0,0
175,1433,0,0,0
175,1501,0,0,0
175,1571,0,0,0
175,1637,0,0,0
175,1704,0,0,0
175,1775,0,0,0
175,1847,0,0,0
175,1926,0,0,0
175,1996,0,0,0
175,2073,0,0,0
175,2151,0,0,0
175,2223,0,0,0
175,2291,0,0,0
175,2354,0,0,0
175,2424,0,0,0
175,2491,0,0,0
175,2556,0,0,0
175,262,0,0,0
175,269,0,0,0
175,2762,0,0,0
175,2829,0,0,0
175,2899,0,0,0
175,2967,0,0,0
175,3034,0,0,0
175,3103,0,0,0
175,3168,0,0,0
175,3233,0,0,0
175,3299,0,0,0
175,3363,0,0,0
175,3439,0,0,0
175,3508,0,0,0
175,358,0,0,0
175,3649,0,0,0
175,3719,0,0,0
175,3787,0,0,0
175,3933,0,0,0
175,4013,0,0,0
175,4089,0,0,0
175,4165,0,0,0
175,4236,0,0,0
175,4303,0,0,0
175,4371,0,0,0
175,4437,0,0,0
175,4501,0,0,0
175,4568,0,0,0
175,4632,0,0,0
175,4696,0,0,0
175,4764,0,0,0
175,483,0,0,0
175,4906,0,0,0
175,4975,0,0,0
175,5082,0,0,0
